time_sec,I,II,III,AVR,AVL,AVF,V1,V2,V3,V4,V5,V6
0.0,-0.072,-0.173,-0.101,0.123,0.015,-0.137,-0.085,-0.664,1.849,0.08,-0.075,0.133
0.01,-0.071,-0.171,-0.1,0.121,0.015,-0.135,-0.082,-0.671,1.825,0.079,-0.075,0.147
0.02,-0.108,-0.224,-0.116,0.167,0.004,-0.17,-0.076,-0.685,1.824,0.071,-0.076,0.138
0.03,-0.149,-0.251,-0.103,0.2,-0.023,-0.177,-0.071,-0.671,1.823,0.071,-0.072,0.134
0.04,-0.085,-0.214,-0.129,0.149,0.022,-0.171,-0.064,-0.662,1.801,0.063,-0.094,0.125
0.05,-0.083,-0.22,-0.137,0.152,0.027,-0.178,-0.061,-0.656,1.789,0.06,-0.102,0.12
0.06,-0.101,-0.217,-0.116,0.159,0.008,-0.166,-0.054,-0.652,1.78,0.079,-0.098,0.114
0.07,-0.102,-0.21,-0.109,0.156,0.004,-0.159,-0.056,-0.659,1.761,0.076,-0.104,0.105
0.08,-0.104,-0.21,-0.106,0.157,0.001,-0.157,-0.053,-0.649,1.765,0.084,-0.093,0.102
0.09,-0.111,-0.205,-0.094,0.158,-0.008,-0.149,-0.056,-0.661,1.742,0.062,-0.104,0.088
0.1,-0.087,-0.186,-0.099,0.137,0.006,-0.142,-0.054,-0.647,1.756,0.086,-0.075,0.09
0.11,-0.119,-0.198,-0.079,0.159,-0.02,-0.138,-0.052,-0.655,1.722,0.053,-0.096,0.07
0.12,-0.119,-0.217,-0.098,0.168,-0.01,-0.158,-0.052,-0.633,1.722,0.079,-0.058,0.084
0.13,-0.113,-0.201,-0.088,0.157,-0.012,-0.144,-0.044,-0.632,1.7,0.036,-0.091,0.049
0.14,-0.216,-0.171,0.045,0.193,-0.13,-0.063,-0.054,-0.622,1.673,0.028,-0.105,0.043
0.15,-0.169,-0.056,0.113,0.113,-0.141,0.029,-0.027,-0.548,1.818,0.35,0.202,0.252
0.16,0.157,0.247,0.09,-0.203,0.033,0.169,-0.264,-0.753,1.953,1.237,1.055,0.907
0.17,0.595,0.397,-0.199,-0.496,0.397,0.099,-0.673,-1.03,2.048,2.23,1.875,1.549
0.18,0.524,0.06,-0.464,-0.291,0.494,-0.202,-0.839,-1.576,1.148,0.775,0.605,0.77
0.19,0.248,-0.25,-0.498,0.001,0.373,-0.374,-0.723,-1.734,0.522,-0.822,-0.713,-0.143
0.2,0.23,-0.358,-0.588,0.064,0.409,-0.473,-0.418,-1.11,1.161,-0.416,-0.422,-0.064
0.21,0.168,-0.343,-0.511,0.088,0.34,-0.427,-0.212,-0.801,1.448,-0.208,-0.284,-0.03
0.22,0.046,-0.204,-0.25,0.079,0.148,-0.227,-0.109,-0.658,1.589,-0.037,-0.141,0.026
0.23,-0.087,-0.176,-0.089,0.132,0.001,-0.132,-0.068,-0.575,1.663,0.066,-0.029,0.093
0.24,-0.09,-0.172,-0.083,0.131,-0.003,-0.128,-0.069,-0.571,1.636,0.063,-0.042,0.082
0.25,-0.069,-0.159,-0.089,0.114,0.01,-0.124,-0.048,-0.541,1.667,0.103,-0.019,0.092
0.26,-0.084,-0.157,-0.073,0.121,-0.005,-0.115,-0.045,-0.55,1.637,0.086,-0.01,0.104
0.27,-0.071,-0.145,-0.074,0.108,0.002,-0.109,-0.031,-0.528,1.657,0.126,0.008,0.12
0.28,-0.085,-0.147,-0.062,0.116,-0.011,-0.104,-0.023,-0.523,1.642,0.099,-0.012,0.105
0.29,-0.083,-0.144,-0.06,0.114,-0.011,-0.102,-0.017,-0.505,1.646,0.116,0.006,0.109
0.3,-0.094,-0.146,-0.052,0.12,-0.021,-0.098,-0.012,-0.493,1.643,0.108,0.004,0.101
0.31,-0.094,-0.145,-0.05,0.12,-0.021,-0.097,-0.009,-0.482,1.657,0.109,0.012,0.099
0.32,-0.075,-0.145,-0.069,0.11,-0.002,-0.107,-0.003,-0.468,1.666,0.124,0.017,0.112
0.33,-0.074,-0.139,-0.064,0.107,-0.004,-0.101,0.0,-0.454,1.663,0.128,0.022,0.121
0.34,-0.069,-0.129,-0.06,0.099,-0.004,-0.095,0.007,-0.431,1.67,0.136,0.028,0.119
0.35,-0.07,-0.122,-0.053,0.096,-0.008,-0.088,0.017,-0.403,1.668,0.154,0.03,0.121
0.36,-0.064,-0.114,-0.049,0.089,-0.007,-0.081,0.023,-0.365,1.673,0.16,0.041,0.117
0.37,-0.074,-0.108,-0.034,0.091,-0.02,-0.071,0.041,-0.332,1.701,0.178,0.065,0.138
0.38,-0.094,-0.104,-0.01,0.1,-0.041,-0.057,0.06,-0.307,1.747,0.216,0.092,0.17
0.39,-0.047,-0.102,-0.054,0.075,0.004,-0.078,0.058,-0.269,1.749,0.219,0.095,0.17
0.4,-0.043,-0.099,-0.056,0.071,0.007,-0.077,0.079,-0.233,1.767,0.223,0.095,0.17
0.41,-0.066,-0.095,-0.03,0.081,-0.018,-0.062,0.102,-0.207,1.8,0.24,0.094,0.17
0.42,-0.041,-0.095,-0.054,0.068,0.007,-0.074,0.097,-0.196,1.799,0.242,0.105,0.17
0.43,-0.044,-0.095,-0.05,0.07,0.003,-0.072,0.094,-0.194,1.797,0.236,0.126,0.17
0.44,-0.072,-0.095,-0.024,0.084,-0.024,-0.059,0.092,-0.182,1.766,0.224,0.121,0.161
0.45,-0.043,-0.094,-0.051,0.069,0.004,-0.072,0.083,-0.215,1.718,0.213,0.116,0.159
0.46,-0.005,-0.098,-0.094,0.052,0.045,-0.096,0.056,-0.277,1.663,0.202,0.113,0.151
0.47,-0.009,-0.099,-0.091,0.054,0.041,-0.095,0.024,-0.321,1.601,0.192,0.107,0.147
0.48,-0.032,-0.103,-0.072,0.068,0.02,-0.087,-0.001,-0.382,1.535,0.182,0.105,0.141
0.49,-0.072,-0.123,-0.051,0.098,-0.01,-0.087,-0.012,-0.433,1.462,0.173,0.094,0.137
0.5,-0.047,-0.134,-0.087,0.091,0.02,-0.11,-0.018,-0.471,1.412,0.162,0.088,0.142
0.51,-0.048,-0.154,-0.107,0.101,0.03,-0.13,-0.028,-0.494,1.376,0.152,0.075,0.114
0.52,-0.078,-0.17,-0.091,0.124,0.007,-0.13,-0.033,-0.498,1.341,0.142,0.07,0.115
0.53,-0.075,-0.164,-0.089,0.119,0.008,-0.126,-0.037,-0.527,1.308,0.132,0.057,0.104
0.54,-0.078,-0.158,-0.08,0.118,0.001,-0.119,-0.045,-0.542,1.282,0.128,0.056,0.091
0.55,-0.078,-0.154,-0.076,0.116,-0.001,-0.114,-0.041,-0.539,1.272,0.122,0.084,0.124
0.56,-0.083,-0.146,-0.063,0.115,-0.01,-0.104,-0.034,-0.539,1.26,0.119,0.056,0.083
0.57,-0.066,-0.143,-0.077,0.105,0.006,-0.11,-0.032,-0.534,1.248,0.112,0.037,0.076
0.58,-0.042,-0.126,-0.084,0.084,0.022,-0.105,-0.025,-0.536,1.237,0.111,0.067,0.108
0.59,-0.039,-0.111,-0.072,0.075,0.017,-0.091,-0.026,-0.532,1.224,0.103,0.075,0.095
0.6,-0.071,-0.139,-0.068,0.105,-0.001,-0.104,-0.037,-0.529,1.213,0.099,0.067,0.092
0.61,-0.084,-0.145,-0.061,0.114,-0.011,-0.103,-0.041,-0.53,1.201,0.133,0.091,0.082
0.62,-0.08,-0.134,-0.054,0.107,-0.013,-0.094,-0.04,-0.526,1.19,0.139,0.104,0.076
0.63,-0.083,-0.135,-0.052,0.109,-0.015,-0.093,-0.036,-0.524,1.178,0.129,0.098,0.07
0.64,-0.081,-0.125,-0.044,0.103,-0.019,-0.084,-0.035,-0.525,1.167,0.127,0.098,0.06
0.65,-0.078,-0.129,-0.052,0.104,-0.012,-0.09,-0.033,-0.524,1.147,0.119,0.093,0.055
0.66,-0.047,-0.135,-0.088,0.091,0.021,-0.111,-0.05,-0.529,1.122,0.116,0.096,0.047
0.67,-0.036,-0.127,-0.091,0.082,0.027,-0.109,-0.066,-0.535,1.111,0.109,0.099,0.039
0.68,-0.036,-0.121,-0.085,0.079,0.025,-0.102,-0.057,-0.527,1.106,0.111,0.101,0.032
0.69,-0.03,-0.114,-0.084,0.072,0.027,-0.099,-0.051,-0.52,1.097,0.108,0.099,0.026
0.7,-0.028,-0.108,-0.08,0.068,0.027,-0.094,-0.044,-0.514,1.093,0.106,0.101,0.023
0.71,-0.026,-0.103,-0.077,0.065,0.026,-0.09,-0.037,-0.507,1.084,0.104,0.099,0.02
0.72,-0.058,-0.115,-0.057,0.087,0.0,-0.086,-0.033,-0.502,1.079,0.104,0.099,0.016
0.73,-0.112,-0.134,-0.022,0.123,-0.045,-0.078,-0.025,-0.485,1.064,0.097,0.092,0.014
0.74,-0.101,-0.127,-0.027,0.114,-0.037,-0.077,-0.019,-0.473,1.057,0.103,0.091,0.005
0.75,-0.083,-0.135,-0.052,0.109,-0.015,-0.093,-0.012,-0.448,1.088,0.129,0.119,-0.002
0.76,-0.117,-0.134,-0.017,0.126,-0.049,-0.075,-0.006,-0.418,1.074,0.123,0.114,-0.011
0.77,-0.103,-0.135,-0.032,0.119,-0.035,-0.083,-0.026,-0.456,1.027,0.107,0.097,-0.017
0.78,-0.057,-0.141,-0.084,0.099,0.014,-0.112,-0.057,-0.519,0.99,0.081,0.066,-0.03
0.79,-0.058,-0.143,-0.085,0.101,0.013,-0.113,-0.069,-0.554,0.934,0.066,0.033,-0.081
0.8,-0.096,-0.181,-0.085,0.139,-0.005,-0.133,-0.069,-0.539,0.92,0.065,0.037,-0.098
0.81,-0.095,-0.181,-0.085,0.138,-0.005,-0.133,-0.063,-0.507,0.935,0.06,0.041,-0.093
0.82,-0.111,-0.195,-0.085,0.153,-0.013,-0.14,-0.061,-0.51,0.922,0.053,0.043,-0.097
0.83,-0.074,-0.159,-0.085,0.117,0.006,-0.122,-0.056,-0.501,0.918,0.054,0.057,-0.092
0.84,-0.045,-0.125,-0.08,0.086,0.017,-0.102,-0.054,-0.503,0.9,0.053,0.059,-0.098
0.85,-0.072,-0.147,-0.075,0.11,0.002,-0.11,-0.05,-0.494,0.896,0.067,0.071,-0.094
0.86,-0.064,-0.135,-0.071,0.1,0.004,-0.103,-0.045,-0.495,0.877,0.047,0.06,-0.114
0.87,-0.106,-0.171,-0.065,0.138,-0.02,-0.118,-0.044,-0.488,0.871,0.057,0.068,-0.113
0.88,-0.082,-0.145,-0.063,0.114,-0.009,-0.104,-0.036,-0.479,0.862,0.046,0.065,-0.123
0.89,-0.081,-0.134,-0.053,0.108,-0.014,-0.094,-0.039,-0.484,0.85,0.039,0.058,-0.124
0.9,-0.111,-0.154,-0.044,0.133,-0.033,-0.098,-0.024,-0.46,0.841,0.033,0.066,-0.134
0.91,-0.131,-0.124,0.007,0.128,-0.069,-0.058,-0.022,-0.484,0.764,-0.056,0.014,-0.198
0.92,-0.158,-0.034,0.124,0.096,-0.141,0.045,0.002,-0.441,0.86,0.144,0.15,-0.094
0.93,0.034,0.189,0.155,-0.111,-0.061,0.172,-0.121,-0.547,0.914,0.663,0.662,0.309
0.94,0.449,0.42,-0.029,-0.434,0.239,0.195,-0.525,-0.766,1.095,1.839,1.708,1.074
0.95,0.585,0.274,-0.311,-0.43,0.448,-0.019,-0.769,-1.199,0.65,1.456,1.323,0.888
0.96,0.366,-0.115,-0.481,-0.126,0.423,-0.297,-0.753,-1.597,-0.283,-0.531,-0.324,-0.163
0.97,0.299,-0.262,-0.561,-0.019,0.43,-0.411,-0.533,-1.148,0.052,-0.677,-0.472,-0.383
0.98,0.264,-0.306,-0.57,0.021,0.417,-0.437,-0.247,-0.669,0.545,-0.27,-0.198,-0.303
0.99,0.135,-0.24,-0.375,0.053,0.255,-0.307,-0.124,-0.504,0.666,-0.159,-0.105,-0.259
1.0,-0.013,-0.125,-0.112,0.07,0.05,-0.119,-0.057,-0.382,0.812,0.039,0.082,-0.182
1.01,-0.079,-0.118,-0.039,0.099,-0.02,-0.078,-0.03,-0.377,0.785,0.023,0.08,-0.201
1.02,-0.019,-0.109,-0.089,0.064,0.035,-0.099,-0.017,-0.366,0.809,0.079,0.113,-0.182
1.03,-0.043,-0.105,-0.062,0.074,0.01,-0.083,-0.002,-0.36,0.794,0.054,0.093,-0.195
1.04,-0.085,-0.11,-0.024,0.098,-0.03,-0.067,0.007,-0.334,0.801,0.08,0.124,-0.187
1.05,-0.053,-0.122,-0.069,0.088,0.008,-0.095,0.013,-0.324,0.8,0.075,0.126,-0.199
1.06,-0.012,-0.09,-0.078,0.051,0.033,-0.083,0.006,-0.303,0.792,0.076,0.123,-0.199
1.07,-0.041,-0.099,-0.059,0.07,0.009,-0.079,0.015,-0.299,0.798,0.085,0.128,-0.19
1.08,-0.078,-0.133,-0.055,0.106,-0.011,-0.094,0.021,-0.27,0.79,0.077,0.122,-0.191
1.09,-0.082,-0.123,-0.042,0.103,-0.02,-0.083,0.027,-0.231,0.792,0.103,0.127,-0.182
1.1,-0.08,-0.12,-0.04,0.101,-0.02,-0.08,0.035,-0.225,0.788,0.11,0.124,-0.181
1.11,-0.084,-0.117,-0.033,0.101,-0.026,-0.074,0.04,-0.205,0.793,0.109,0.143,-0.175
1.12,-0.085,-0.111,-0.025,0.098,-0.03,-0.068,0.045,-0.183,0.795,0.119,0.145,-0.17
1.13,-0.061,-0.105,-0.044,0.083,-0.009,-0.074,0.059,-0.137,0.793,0.123,0.145,-0.166
1.14,-0.032,-0.08,-0.048,0.056,0.008,-0.064,0.08,-0.104,0.818,0.135,0.153,-0.161
1.15,-0.006,-0.035,-0.029,0.02,0.012,-0.032,0.09,-0.08,0.848,0.157,0.165,-0.157
1.16,-0.003,-0.046,-0.043,0.025,0.02,-0.044,0.098,-0.033,0.855,0.143,0.173,-0.151
1.17,-0.019,-0.052,-0.033,0.036,0.007,-0.042,0.112,-0.002,0.886,0.175,0.162,-0.134
1.18,-0.055,-0.032,0.023,0.043,-0.038,-0.004,0.119,0.037,0.915,0.204,0.175,-0.122
1.19,-0.013,-0.021,-0.008,0.017,-0.002,-0.014,0.114,0.065,0.903,0.191,0.185,-0.115
1.2,-0.003,-0.008,-0.005,0.005,0.001,-0.006,0.107,0.06,0.896,0.19,0.176,-0.106
1.21,-0.006,-0.002,0.004,0.004,-0.005,0.001,0.103,0.051,0.881,0.183,0.161,-0.099
1.22,0.048,-0.026,-0.074,-0.011,0.061,-0.05,0.096,0.028,0.838,0.176,0.154,-0.094
1.23,0.015,-0.031,-0.046,0.008,0.031,-0.038,0.079,-0.016,0.794,0.177,0.156,-0.095
1.24,0.049,-0.009,-0.058,-0.02,0.054,-0.033,0.063,-0.061,0.737,0.182,0.16,-0.094
1.25,0.046,-0.053,-0.099,0.004,0.073,-0.075,0.043,-0.107,0.675,0.172,0.19,-0.089
1.26,0.02,-0.057,-0.077,0.019,0.048,-0.066,0.005,-0.17,0.616,0.159,0.184,-0.082
1.27,0.028,-0.051,-0.079,0.012,0.054,-0.065,-0.018,-0.223,0.548,0.147,0.163,-0.075
1.28,-0.024,-0.091,-0.067,0.058,0.022,-0.079,-0.022,-0.259,0.504,0.133,0.157,-0.07
1.29,-0.026,-0.089,-0.063,0.058,0.018,-0.075,-0.026,-0.279,0.483,0.123,0.144,-0.06
1.3,-0.028,-0.091,-0.062,0.06,0.017,-0.076,-0.024,-0.279,0.469,0.11,0.139,-0.076
1.31,-0.02,-0.085,-0.065,0.053,0.023,-0.075,-0.025,-0.276,0.456,0.1,0.127,-0.091
1.32,-0.019,-0.085,-0.066,0.052,0.024,-0.076,-0.025,-0.272,0.439,0.091,0.121,-0.078
1.33,-0.021,-0.084,-0.064,0.053,0.022,-0.074,-0.025,-0.269,0.424,0.084,0.115,-0.091
1.34,0.012,-0.055,-0.067,0.022,0.039,-0.06,-0.025,-0.264,0.409,0.077,0.11,-0.106
1.35,-0.024,-0.088,-0.063,0.056,0.02,-0.075,-0.019,-0.265,0.399,0.069,0.104,-0.097
1.36,-0.05,-0.11,-0.061,0.08,0.006,-0.085,-0.021,-0.264,0.384,0.062,0.098,-0.095
1.37,-0.047,-0.099,-0.052,0.073,0.003,-0.076,-0.017,-0.266,0.358,0.056,0.095,-0.087
1.38,-0.051,-0.1,-0.049,0.076,-0.001,-0.074,-0.016,-0.264,0.341,0.048,0.087,-0.083
1.39,-0.057,-0.096,-0.039,0.077,-0.008,-0.067,-0.014,-0.269,0.333,0.069,0.109,-0.077
1.4,-0.077,-0.094,-0.017,0.086,-0.03,-0.055,-0.015,-0.29,0.324,0.102,0.127,-0.066
1.41,-0.05,-0.089,-0.039,0.07,-0.005,-0.064,-0.036,-0.29,0.315,0.098,0.117,-0.09
1.42,-0.039,-0.076,-0.036,0.058,-0.001,-0.056,-0.018,-0.285,0.306,0.086,0.114,-0.079
1.43,-0.06,-0.07,-0.01,0.065,-0.025,-0.04,-0.006,-0.284,0.295,0.076,0.108,-0.051
1.44,-0.111,-0.111,0.0,0.111,-0.055,-0.055,-0.013,-0.28,0.283,0.065,0.101,-0.079
1.45,-0.137,-0.122,0.014,0.129,-0.075,-0.054,-0.009,-0.279,0.272,0.066,0.099,-0.097
1.46,-0.083,-0.112,-0.029,0.098,-0.026,-0.07,-0.017,-0.271,0.264,0.063,0.09,-0.101
1.47,-0.071,-0.112,-0.041,0.092,-0.015,-0.076,-0.013,-0.263,0.265,0.062,0.091,-0.109
1.48,-0.068,-0.106,-0.037,0.087,-0.015,-0.071,-0.014,-0.259,0.264,0.058,0.082,-0.102
1.49,-0.041,-0.1,-0.059,0.071,0.01,-0.08,0.01,-0.246,0.266,0.062,0.081,-0.094
1.5,-0.028,-0.072,-0.044,0.051,0.008,-0.058,0.031,-0.23,0.263,0.089,0.107,-0.085
1.51,-0.068,-0.06,0.008,0.065,-0.038,-0.026,0.027,-0.228,0.269,0.108,0.128,-0.081
1.52,-0.092,-0.059,0.033,0.076,-0.063,-0.013,0.052,-0.231,0.287,0.129,0.135,-0.073
1.53,-0.029,-0.058,-0.03,0.043,0.001,-0.044,0.03,-0.233,0.264,0.114,0.096,-0.08
1.54,-0.005,-0.051,-0.046,0.028,0.021,-0.048,-0.014,-0.237,0.223,0.079,0.076,-0.106
1.55,-0.039,-0.066,-0.027,0.053,-0.006,-0.046,-0.03,-0.24,0.187,0.059,0.08,-0.104
1.56,-0.057,-0.113,-0.056,0.085,0.0,-0.084,-0.045,-0.255,0.154,0.037,0.061,-0.112
1.57,-0.068,-0.116,-0.048,0.092,-0.009,-0.082,-0.04,-0.265,0.136,0.028,0.053,-0.122
1.58,-0.069,-0.113,-0.044,0.091,-0.012,-0.078,-0.032,-0.256,0.129,0.026,0.043,-0.118
1.59,-0.038,-0.117,-0.079,0.078,0.021,-0.098,-0.027,-0.254,0.117,0.015,0.034,-0.122
1.6,-0.038,-0.112,-0.074,0.075,0.019,-0.093,-0.018,-0.244,0.114,0.018,0.033,-0.117
1.61,-0.06,-0.117,-0.057,0.089,-0.001,-0.087,-0.014,-0.243,0.097,0.001,0.016,-0.123
1.62,-0.039,-0.094,-0.055,0.067,0.008,-0.074,-0.01,-0.234,0.099,0.009,0.019,-0.113
1.63,-0.046,-0.095,-0.049,0.07,0.002,-0.072,-0.005,-0.23,0.081,-0.006,0.007,-0.113
1.64,-0.075,-0.12,-0.044,0.098,-0.015,-0.082,-0.005,-0.223,0.08,0.002,0.019,-0.103
1.65,-0.075,-0.117,-0.042,0.096,-0.016,-0.08,0.005,-0.212,0.072,0.0,0.015,-0.099
1.66,-0.07,-0.097,-0.027,0.084,-0.022,-0.062,0.001,-0.216,0.057,-0.018,0.009,-0.098
1.67,-0.081,-0.092,-0.011,0.087,-0.035,-0.051,0.014,-0.191,0.066,0.021,0.03,-0.078
1.68,-0.13,-0.087,0.044,0.108,-0.086,-0.021,0.012,-0.223,-0.031,-0.071,-0.052,-0.139
1.69,-0.13,-0.005,0.125,0.068,-0.128,0.06,0.02,-0.178,0.082,0.072,0.079,-0.065
1.7,0.044,0.203,0.159,-0.124,-0.058,0.18,-0.07,-0.253,0.186,0.605,0.602,0.345
1.71,0.477,0.493,0.017,-0.485,0.23,0.255,-0.457,-0.491,0.376,1.74,1.593,1.094
1.72,0.682,0.356,-0.327,-0.518,0.504,0.014,-0.774,-0.944,-0.064,1.418,1.266,0.959
1.73,0.416,-0.054,-0.47,-0.181,0.443,-0.262,-0.769,-1.381,-1.069,-0.532,-0.342,-0.058
1.74,0.321,-0.198,-0.518,-0.061,0.42,-0.358,-0.519,-0.97,-0.77,-0.75,-0.536,-0.288
1.75,0.311,-0.253,-0.564,-0.029,0.438,-0.408,-0.234,-0.442,-0.226,-0.33,-0.243,-0.204
1.76,0.134,-0.191,-0.325,0.029,0.23,-0.258,-0.107,-0.284,-0.113,-0.222,-0.173,-0.175
1.77,0.016,-0.1,-0.116,0.042,0.066,-0.108,-0.041,-0.185,0.005,-0.032,-0.018,-0.084
1.78,-0.029,-0.077,-0.048,0.053,0.01,-0.063,-0.005,-0.155,0.006,-0.04,-0.02,-0.099
1.79,-0.049,-0.072,-0.023,0.061,-0.013,-0.047,0.012,-0.103,0.056,0.023,0.028,-0.073
1.8,-0.054,-0.059,-0.005,0.057,-0.025,-0.032,0.022,-0.09,0.056,0.0,0.015,-0.079
1.81,-0.095,-0.049,0.047,0.072,-0.071,-0.001,0.029,-0.075,0.079,0.018,0.028,-0.066
1.82,-0.087,-0.052,0.035,0.069,-0.061,-0.008,0.039,-0.068,0.064,0.019,0.03,-0.061
1.83,-0.02,-0.021,0.0,0.021,-0.01,-0.01,0.04,-0.066,0.049,0.021,0.031,-0.058
1.84,-0.04,-0.061,-0.021,0.051,-0.009,-0.041,0.043,-0.046,0.061,0.031,0.041,-0.05
1.85,-0.019,-0.041,-0.023,0.03,0.002,-0.032,0.046,-0.031,0.071,0.047,0.042,-0.052
1.86,-0.03,-0.03,0.0,0.03,-0.015,-0.015,0.046,-0.011,0.099,0.056,0.052,-0.044
1.87,-0.059,-0.034,0.025,0.046,-0.042,-0.004,0.065,-0.014,0.083,0.053,0.048,-0.043
1.88,-0.06,0.023,0.083,0.019,-0.072,0.052,0.077,0.019,0.084,0.079,0.041,-0.038
1.89,-0.109,-0.033,0.076,0.071,-0.092,0.021,0.087,0.062,0.111,0.086,0.068,-0.03
1.9,0.002,0.007,0.005,-0.004,-0.002,0.006,0.115,0.091,0.14,0.114,0.112,-0.02
1.91,0.046,0.034,-0.012,-0.04,0.029,0.011,0.116,0.15,0.197,0.127,0.109,-0.008
1.92,-0.036,-0.045,-0.009,0.04,-0.013,-0.026,0.114,0.169,0.211,0.137,0.109,0.006
1.93,-0.07,-0.03,0.04,0.05,-0.055,0.005,0.121,0.193,0.226,0.138,0.111,0.021
1.94,-0.1,-0.034,0.067,0.067,-0.083,0.016,0.135,0.253,0.274,0.144,0.11,0.028
1.95,-0.076,-0.019,0.058,0.048,-0.067,0.019,0.15,0.288,0.291,0.157,0.108,0.039
1.96,-0.044,-0.016,0.028,0.03,-0.036,0.006,0.139,0.299,0.296,0.154,0.103,0.055
1.97,0.03,0.012,-0.018,-0.021,0.024,-0.003,0.132,0.311,0.289,0.167,0.1,0.055
1.98,0.046,0.045,-0.001,-0.046,0.023,0.021,0.125,0.311,0.274,0.164,0.097,0.055
1.99,0.018,-0.004,-0.022,-0.006,0.02,-0.013,0.116,0.268,0.231,0.151,0.092,0.056
2.0,0.068,0.019,-0.049,-0.043,0.058,-0.014,0.109,0.214,0.18,0.143,0.09,0.066
2.01,0.027,-0.012,-0.039,-0.007,0.033,-0.026,0.079,0.166,0.13,0.13,0.09,0.071
2.02,0.013,-0.025,-0.038,0.006,0.026,-0.032,0.048,0.114,0.076,0.12,0.087,0.07
2.03,0.056,0.029,-0.027,-0.042,0.041,0.002,0.042,0.049,0.027,0.108,0.092,0.081
2.04,0.055,0.024,-0.031,-0.039,0.042,-0.003,0.038,0.006,-0.037,0.096,0.075,0.072
2.05,0.021,-0.01,-0.031,-0.005,0.026,-0.02,0.033,-0.014,-0.085,0.082,0.055,0.053
2.06,-0.048,-0.048,0.0,0.047,-0.024,-0.023,0.029,-0.038,-0.112,0.068,0.05,0.044
2.07,-0.028,-0.011,0.018,0.019,-0.023,0.004,0.024,-0.046,-0.138,0.06,0.04,0.037
2.08,-0.047,-0.027,0.02,0.037,-0.033,-0.004,0.02,-0.044,-0.154,0.055,0.032,0.031
2.09,-0.087,-0.07,0.017,0.078,-0.052,-0.026,0.02,-0.046,-0.156,0.051,0.018,0.025
2.1,-0.044,-0.058,-0.014,0.051,-0.014,-0.036,0.019,-0.044,-0.165,0.046,0.009,0.016
2.11,-0.057,-0.057,0.0,0.057,-0.028,-0.028,0.015,-0.046,-0.184,0.042,0.011,0.018
2.12,-0.1,-0.046,0.054,0.072,-0.077,0.004,0.015,-0.042,-0.179,0.039,0.009,0.019
2.13,-0.094,-0.042,0.052,0.068,-0.072,0.005,0.013,-0.039,-0.179,0.042,0.005,0.03
2.14,-0.073,-0.034,0.039,0.053,-0.056,0.002,0.009,-0.041,-0.199,0.055,0.005,0.032
2.15,-0.07,-0.029,0.041,0.05,-0.055,0.005,0.01,-0.037,-0.205,0.055,0.005,0.002
2.16,-0.047,-0.024,0.023,0.035,-0.034,-0.001,0.01,-0.05,-0.223,0.05,0.005,-0.002
2.17,-0.054,-0.017,0.037,0.035,-0.046,0.01,0.01,-0.059,-0.242,0.049,0.005,0.002
2.18,-0.088,-0.008,0.08,0.048,-0.084,0.036,0.01,-0.051,-0.239,0.045,0.005,0.003
2.19,-0.045,0.038,0.083,0.003,-0.064,0.061,0.005,-0.044,-0.24,0.044,0.012,0.006
2.2,-0.035,0.038,0.072,-0.002,-0.054,0.055,0.005,-0.039,-0.252,0.036,0.009,0.0
2.21,-0.047,0.024,0.071,0.011,-0.059,0.047,0.003,-0.03,-0.255,0.028,0.0,-0.005
2.22,-0.059,0.004,0.063,0.027,-0.061,0.033,0.0,-0.029,-0.255,0.02,-0.008,-0.01
2.23,-0.066,-0.008,0.058,0.037,-0.061,0.024,0.0,-0.057,-0.279,0.012,-0.015,-0.016
2.24,-0.065,0.025,0.09,0.02,-0.077,0.057,0.002,-0.059,-0.285,0.013,-0.025,-0.022
2.25,-0.111,-0.01,0.1,0.06,-0.105,0.045,0.012,-0.039,-0.276,0.016,-0.033,-0.024
2.26,-0.065,0.021,0.086,0.022,-0.075,0.053,0.018,-0.033,-0.273,0.013,-0.022,-0.02
2.27,0.008,0.077,0.069,-0.043,-0.031,0.073,0.029,-0.021,-0.266,0.017,-0.013,-0.018
2.28,-0.002,0.063,0.066,-0.031,-0.034,0.064,0.032,0.019,-0.26,0.033,-0.003,-0.016
2.29,-0.045,0.062,0.106,-0.009,-0.076,0.084,0.045,0.058,-0.261,0.045,0.003,-0.011
2.3,-0.049,0.049,0.098,0.0,-0.074,0.073,0.039,0.055,-0.256,0.039,-0.008,-0.012
2.31,-0.03,0.046,0.075,-0.008,-0.053,0.06,-0.003,0.014,-0.267,0.009,-0.017,-0.002
2.32,-0.044,0.034,0.079,0.005,-0.062,0.056,-0.027,-0.051,-0.335,-0.031,-0.041,-0.019
2.33,-0.042,0.028,0.07,0.007,-0.056,0.049,-0.045,-0.086,-0.387,-0.075,-0.088,-0.066
2.34,-0.067,0.017,0.085,0.025,-0.077,0.051,-0.024,-0.058,-0.39,-0.082,-0.097,-0.068
2.35,-0.089,0.008,0.097,0.04,-0.093,0.052,-0.006,-0.04,-0.385,-0.074,-0.089,-0.052
2.36,-0.087,-0.007,0.08,0.047,-0.083,0.036,-0.013,-0.049,-0.386,-0.078,-0.092,-0.049
2.37,-0.103,-0.041,0.062,0.072,-0.082,0.01,-0.008,-0.041,-0.378,-0.065,-0.081,-0.027
2.38,-0.092,-0.006,0.086,0.049,-0.089,0.04,-0.011,-0.048,-0.382,-0.078,-0.091,-0.026
2.39,-0.096,0.022,0.118,0.037,-0.108,0.07,-0.01,-0.052,-0.392,-0.066,-0.083,-0.054
2.4,-0.102,0.01,0.112,0.046,-0.108,0.061,-0.008,-0.062,-0.423,-0.084,-0.097,-0.073
2.41,-0.099,0.012,0.112,0.044,-0.106,0.062,0.0,-0.046,-0.41,-0.067,-0.084,-0.057
2.42,-0.112,-0.007,0.105,0.059,-0.109,0.049,0.011,-0.043,-0.416,-0.079,-0.1,-0.072
2.43,-0.11,-0.002,0.108,0.055,-0.109,0.053,0.014,-0.039,-0.421,-0.077,-0.095,-0.059
2.44,-0.07,0.034,0.104,0.017,-0.087,0.069,0.029,-0.02,-0.399,-0.064,-0.088,-0.061
2.45,-0.104,0.037,0.14,0.033,-0.122,0.088,0.022,-0.042,-0.455,-0.148,-0.164,-0.118
2.46,-0.13,0.091,0.221,0.019,-0.176,0.156,0.049,0.058,-0.322,0.062,0.019,-0.003
2.47,0.112,0.348,0.236,-0.231,-0.062,0.292,-0.089,-0.044,-0.192,0.699,0.637,0.473
2.48,0.566,0.605,0.039,-0.585,0.263,0.321,-0.503,-0.305,0.004,1.817,1.613,1.223
2.49,0.684,0.38,-0.304,-0.532,0.494,0.038,-0.782,-0.828,-0.607,1.102,0.954,0.854
2.5,0.41,-0.008,-0.419,-0.201,0.415,-0.214,-0.757,-1.225,-1.563,-0.777,-0.605,-0.169
2.51,0.305,-0.136,-0.441,-0.084,0.374,-0.289,-0.496,-0.687,-1.114,-0.728,-0.596,-0.266
2.52,0.265,-0.162,-0.427,-0.051,0.346,-0.294,-0.217,-0.22,-0.629,-0.378,-0.362,-0.196
2.53,0.103,-0.076,-0.179,-0.013,0.141,-0.127,-0.095,-0.054,-0.512,-0.235,-0.244,-0.15
2.54,-0.018,-0.009,0.009,0.013,-0.013,0.0,-0.035,0.084,-0.369,-0.062,-0.103,-0.064
2.55,-0.018,0.035,0.053,-0.009,-0.036,0.044,-0.008,0.101,-0.379,-0.091,-0.113,-0.072
2.56,-0.002,0.081,0.084,-0.04,-0.043,0.082,0.013,0.163,-0.334,-0.03,-0.054,-0.05
2.57,-0.012,0.064,0.076,-0.026,-0.044,0.07,0.028,0.153,-0.35,-0.057,-0.076,-0.067
2.58,-0.025,0.067,0.092,-0.021,-0.059,0.079,0.044,0.18,-0.336,-0.027,-0.051,-0.056
2.59,-0.064,0.055,0.119,0.004,-0.091,0.087,0.07,0.202,-0.336,-0.03,-0.054,-0.062
2.6,-0.055,0.055,0.109,0.0,-0.082,0.082,0.07,0.186,-0.333,-0.022,-0.044,-0.058
2.61,-0.065,0.045,0.11,0.01,-0.088,0.077,0.07,0.228,-0.325,-0.011,-0.036,-0.052
2.62,-0.068,0.035,0.103,0.016,-0.086,0.069,0.07,0.248,-0.31,-0.011,-0.038,-0.051
2.63,-0.047,0.054,0.101,-0.003,-0.074,0.077,0.07,0.25,-0.285,0.003,-0.03,-0.045
2.64,-0.039,0.056,0.096,-0.009,-0.068,0.076,0.068,0.275,-0.276,0.003,-0.032,-0.044
2.65,-0.02,0.04,0.059,-0.01,-0.04,0.049,0.071,0.3,-0.246,0.014,-0.025,-0.038
2.66,-0.06,0.034,0.094,0.013,-0.077,0.063,0.087,0.339,-0.222,0.034,-0.026,-0.036
2.67,-0.07,0.063,0.133,0.003,-0.102,0.098,0.105,0.371,-0.203,0.056,-0.02,-0.029
2.68,-0.043,0.07,0.113,-0.013,-0.078,0.091,0.104,0.396,-0.181,0.053,-0.013,-0.026
2.69,-0.039,0.084,0.122,-0.023,-0.081,0.103,0.112,0.448,-0.149,0.066,-0.006,-0.021
2.7,0.005,0.101,0.095,-0.053,-0.046,0.098,0.143,0.486,-0.11,0.088,0.001,-0.017
2.71,0.004,0.088,0.084,-0.046,-0.04,0.085,0.146,0.524,-0.075,0.092,0.017,-0.011
2.72,-0.035,0.092,0.127,-0.029,-0.081,0.109,0.141,0.563,-0.062,0.1,0.036,0.003
2.73,-0.014,0.11,0.124,-0.049,-0.069,0.117,0.14,0.566,-0.066,0.106,0.037,0.017
2.74,0.002,0.117,0.114,-0.06,-0.057,0.115,0.135,0.561,-0.064,0.105,0.035,0.029
2.75,0.001,0.111,0.11,-0.056,-0.055,0.11,0.135,0.546,-0.066,0.105,0.034,0.03
2.76,0.005,0.109,0.104,-0.058,-0.049,0.106,0.123,0.523,-0.067,0.105,0.031,0.032
2.77,0.002,0.106,0.103,-0.054,-0.051,0.104,0.102,0.471,-0.121,0.105,0.029,0.035
2.78,0.005,0.104,0.099,-0.055,-0.048,0.101,0.085,0.4,-0.184,0.105,0.034,0.036
2.79,0.0,0.096,0.096,-0.049,-0.048,0.096,0.069,0.354,-0.223,0.094,0.04,0.036
2.8,-0.012,0.084,0.095,-0.037,-0.054,0.089,0.055,0.3,-0.294,0.076,0.031,0.027
2.81,-0.017,0.073,0.091,-0.028,-0.054,0.082,0.045,0.247,-0.34,0.061,0.022,0.019
2.82,-0.028,0.062,0.09,-0.017,-0.06,0.076,0.032,0.218,-0.391,0.045,0.014,0.011
2.83,-0.033,0.057,0.09,-0.012,-0.061,0.073,0.023,0.204,-0.42,0.029,0.002,0.004
2.84,-0.036,0.048,0.085,-0.006,-0.061,0.066,0.017,0.193,-0.426,0.014,-0.008,-0.009
2.85,-0.043,0.043,0.087,-0.001,-0.065,0.065,0.012,0.183,-0.451,0.003,-0.02,-0.024
2.86,-0.046,0.035,0.081,0.005,-0.064,0.058,0.009,0.178,-0.452,0.0,-0.037,-0.034
2.87,-0.049,0.032,0.081,0.008,-0.065,0.056,0.003,0.17,-0.459,-0.003,-0.04,-0.035
2.88,-0.01,0.05,0.06,-0.02,-0.035,0.054,0.0,0.164,-0.465,-0.006,-0.034,-0.035
2.89,-0.026,0.05,0.076,-0.012,-0.051,0.063,0.005,0.157,-0.467,-0.009,-0.032,-0.04
2.9,-0.03,0.051,0.08,-0.011,-0.055,0.065,0.01,0.152,-0.471,-0.01,-0.027,-0.04
2.91,-0.019,0.049,0.068,-0.015,-0.043,0.058,0.013,0.147,-0.469,-0.005,-0.025,-0.041
2.92,-0.037,0.055,0.091,-0.009,-0.064,0.073,0.02,0.142,-0.47,-0.005,-0.025,-0.045
2.93,-0.026,0.065,0.091,-0.02,-0.058,0.078,0.018,0.139,-0.471,-0.005,-0.025,-0.046
2.94,-0.062,0.053,0.115,0.004,-0.089,0.084,0.014,0.133,-0.468,-0.005,-0.025,-0.044
2.95,-0.04,0.054,0.094,-0.007,-0.068,0.074,0.016,0.129,-0.488,-0.005,-0.025,-0.047
2.96,-0.043,0.028,0.071,0.008,-0.058,0.049,0.011,0.125,-0.5,-0.007,-0.026,-0.042
2.97,-0.051,0.022,0.073,0.014,-0.062,0.047,0.01,0.12,-0.496,-0.012,-0.022,-0.047
2.98,-0.033,0.045,0.078,-0.006,-0.056,0.061,0.009,0.115,-0.51,-0.015,-0.015,-0.051
2.99,-0.073,0.034,0.107,0.02,-0.09,0.07,0.006,0.112,-0.505,-0.007,-0.005,-0.027
3.0,-0.049,0.002,0.052,0.023,-0.05,0.027,0.0,0.106,-0.5,-0.003,-0.027,-0.037
3.01,-0.043,0.007,0.049,0.018,-0.046,0.028,0.006,0.102,-0.496,-0.016,-0.052,-0.061
3.02,-0.061,0.058,0.119,0.001,-0.09,0.088,0.028,0.103,-0.491,-0.027,-0.042,-0.054
3.03,-0.068,0.045,0.113,0.011,-0.091,0.079,0.043,0.115,-0.487,-0.021,-0.033,-0.048
3.04,-0.082,0.022,0.105,0.03,-0.093,0.063,0.064,0.147,-0.47,-0.005,-0.023,-0.041
3.05,-0.045,0.054,0.099,-0.005,-0.072,0.077,0.065,0.149,-0.459,0.019,-0.02,-0.034
3.06,-0.022,0.068,0.09,-0.023,-0.056,0.079,0.06,0.14,-0.444,0.038,-0.021,-0.032
3.07,-0.046,0.039,0.085,0.003,-0.065,0.061,0.058,0.14,-0.452,0.026,-0.018,-0.035
3.08,-0.056,0.017,0.072,0.019,-0.064,0.044,0.02,0.095,-0.502,-0.006,-0.031,-0.056
3.09,-0.037,0.025,0.062,0.006,-0.05,0.043,-0.01,0.066,-0.546,-0.037,-0.048,-0.076
3.1,-0.037,0.012,0.049,0.012,-0.043,0.031,-0.012,0.064,-0.562,-0.057,-0.059,-0.081
3.11,-0.054,-0.005,0.048,0.03,-0.051,0.021,-0.015,0.059,-0.568,-0.06,-0.061,-0.086
3.12,-0.063,-0.013,0.05,0.038,-0.056,0.018,-0.005,0.058,-0.568,-0.059,-0.059,-0.089
3.13,-0.067,-0.017,0.051,0.042,-0.059,0.017,0.0,0.05,-0.573,-0.063,-0.06,-0.096
3.14,-0.075,-0.026,0.049,0.05,-0.062,0.011,0.007,0.09,-0.569,-0.056,-0.051,-0.098
3.15,-0.093,-0.023,0.07,0.058,-0.081,0.023,0.032,0.1,-0.581,-0.066,-0.06,-0.105
3.16,-0.107,-0.029,0.077,0.068,-0.091,0.024,0.031,0.101,-0.568,-0.048,-0.052,-0.102
3.17,-0.113,-0.041,0.072,0.077,-0.093,0.016,0.006,0.099,-0.575,-0.06,-0.067,-0.113
3.18,-0.095,-0.033,0.062,0.064,-0.078,0.015,0.005,0.098,-0.567,-0.041,-0.054,-0.112
3.19,-0.088,-0.031,0.057,0.059,-0.072,0.013,0.027,0.106,-0.565,-0.048,-0.063,-0.117
3.2,-0.063,-0.014,0.049,0.038,-0.056,0.018,0.012,0.087,-0.601,-0.043,-0.063,-0.114
3.21,-0.076,-0.035,0.041,0.055,-0.058,0.003,0.024,0.139,-0.628,-0.034,-0.064,-0.121
3.22,-0.118,-0.001,0.117,0.059,-0.117,0.058,0.051,0.113,-0.78,-0.136,-0.151,-0.2
3.23,-0.093,0.083,0.176,0.005,-0.134,0.129,0.068,0.187,-0.677,0.08,0.032,-0.092
3.24,0.081,0.32,0.24,-0.201,-0.08,0.279,-0.092,0.128,-0.439,0.8,0.744,0.45
3.25,0.545,0.586,0.041,-0.566,0.252,0.313,-0.513,-0.128,-0.219,1.986,1.783,1.243
3.26,0.673,0.351,-0.323,-0.512,0.498,0.014,-0.759,-0.632,-0.822,1.231,1.08,0.874
3.27,0.413,0.008,-0.405,-0.21,0.409,-0.198,-0.732,-1.086,-1.8,-0.752,-0.564,-0.23
3.28,0.347,-0.133,-0.481,-0.107,0.414,-0.307,-0.484,-0.567,-1.379,-0.722,-0.585,-0.383
3.29,0.238,-0.195,-0.433,-0.022,0.336,-0.314,-0.203,-0.065,-0.853,-0.352,-0.318,-0.289
3.3,0.094,-0.103,-0.198,0.005,0.146,-0.15,-0.09,0.073,-0.739,-0.242,-0.223,-0.27
3.31,0.019,-0.025,-0.044,0.003,0.032,-0.034,-0.03,0.187,-0.61,-0.053,-0.086,-0.198
3.32,-0.053,-0.018,0.035,0.035,-0.044,0.008,-0.003,0.185,-0.62,-0.079,-0.084,-0.205
3.33,-0.068,0.005,0.072,0.031,-0.07,0.038,0.042,0.238,-0.578,-0.026,-0.035,-0.177
3.34,-0.056,0.03,0.086,0.013,-0.071,0.058,0.062,0.227,-0.588,-0.046,-0.052,-0.181
3.35,-0.054,0.02,0.074,0.017,-0.065,0.047,0.053,0.229,-0.57,-0.021,-0.027,-0.168
3.36,-0.06,0.011,0.071,0.024,-0.066,0.041,0.047,0.238,-0.564,-0.023,-0.028,-0.167
3.37,-0.024,0.041,0.065,-0.009,-0.045,0.053,0.042,0.271,-0.557,-0.015,-0.025,-0.163
3.38,-0.007,0.053,0.06,-0.023,-0.034,0.056,0.032,0.287,-0.541,-0.004,-0.023,-0.156
3.39,-0.055,0.023,0.078,0.015,-0.067,0.051,0.035,0.272,-0.533,-0.006,-0.022,-0.155
3.4,-0.054,0.031,0.085,0.011,-0.07,0.058,0.07,0.312,-0.514,0.011,-0.018,-0.148
3.41,-0.025,0.052,0.078,-0.014,-0.052,0.065,0.067,0.317,-0.505,0.008,-0.021,-0.144
3.42,-0.029,0.045,0.074,-0.008,-0.052,0.06,0.08,0.328,-0.488,0.039,-0.008,-0.139
3.43,-0.04,0.024,0.064,0.007,-0.052,0.044,0.088,0.367,-0.477,0.064,-0.004,-0.136
3.44,-0.052,0.031,0.083,0.01,-0.068,0.057,0.098,0.407,-0.466,0.068,0.008,-0.13
3.45,-0.026,0.083,0.109,-0.029,-0.068,0.096,0.133,0.431,-0.445,0.066,0.015,-0.127
3.46,-0.043,0.059,0.102,-0.009,-0.073,0.081,0.13,0.45,-0.406,0.078,0.04,-0.114
3.47,-0.033,0.074,0.107,-0.021,-0.071,0.091,0.129,0.5,-0.381,0.115,0.067,-0.106
3.48,0.036,0.139,0.103,-0.088,-0.034,0.121,0.132,0.529,-0.344,0.124,0.062,-0.095
3.49,0.013,0.118,0.105,-0.066,-0.046,0.111,0.129,0.553,-0.295,0.122,0.048,-0.102
3.5,-0.014,0.108,0.122,-0.047,-0.068,0.114,0.131,0.579,-0.295,0.129,0.046,-0.103
3.51,0.0,0.103,0.104,-0.052,-0.052,0.103,0.143,0.585,-0.311,0.143,0.084,-0.059
3.52,0.022,0.096,0.075,-0.059,-0.027,0.085,0.139,0.559,-0.314,0.14,0.097,-0.077
3.53,0.03,0.095,0.065,-0.063,-0.017,0.079,0.122,0.519,-0.314,0.121,0.085,-0.092
3.54,0.045,0.087,0.043,-0.066,0.001,0.065,0.104,0.475,-0.353,0.114,0.084,-0.074
3.55,0.067,0.086,0.019,-0.076,0.023,0.052,0.081,0.406,-0.417,0.105,0.075,-0.077
3.56,0.017,0.074,0.056,-0.046,-0.02,0.065,0.064,0.349,-0.475,0.1,0.073,-0.061
3.57,-0.021,0.06,0.081,-0.02,-0.051,0.07,0.048,0.3,-0.534,0.089,0.062,-0.082
3.58,-0.023,0.047,0.07,-0.012,-0.047,0.058,0.032,0.262,-0.596,0.06,0.045,-0.113
3.59,-0.025,0.045,0.07,-0.01,-0.048,0.057,0.017,0.23,-0.637,0.043,0.017,-0.121
3.6,-0.024,0.043,0.067,-0.01,-0.046,0.055,0.015,0.203,-0.643,0.038,-0.005,-0.139
3.61,-0.018,0.044,0.062,-0.014,-0.04,0.053,0.015,0.187,-0.662,0.031,-0.005,-0.14
3.62,-0.007,0.062,0.069,-0.028,-0.038,0.065,0.015,0.18,-0.665,0.024,-0.009,-0.14
3.63,-0.035,0.048,0.083,-0.007,-0.06,0.066,0.014,0.174,-0.666,0.017,-0.012,-0.147
3.64,-0.08,0.009,0.089,0.035,-0.085,0.049,0.017,0.165,-0.685,0.015,-0.015,-0.143
3.65,-0.059,0.02,0.079,0.019,-0.069,0.049,0.034,0.161,-0.684,0.015,-0.014,-0.151
3.66,-0.004,0.049,0.052,-0.023,-0.028,0.05,0.035,0.149,-0.684,0.016,-0.007,-0.172
3.67,-0.011,0.05,0.061,-0.02,-0.036,0.055,0.03,0.154,-0.68,0.013,-0.003,-0.176
3.68,-0.038,0.044,0.082,-0.003,-0.061,0.063,0.029,0.172,-0.679,0.031,0.003,-0.174
3.69,-0.044,0.042,0.087,0.001,-0.066,0.064,0.025,0.166,-0.68,0.047,0.009,-0.18
3.7,-0.02,0.038,0.058,-0.009,-0.039,0.047,0.024,0.163,-0.678,0.04,0.014,-0.18
3.71,-0.01,0.033,0.042,-0.012,-0.027,0.037,0.02,0.159,-0.696,0.036,0.012,-0.179
3.72,-0.069,0.031,0.1,0.019,-0.085,0.065,0.02,0.155,-0.7,0.032,0.003,-0.175
3.73,-0.094,0.007,0.101,0.043,-0.097,0.054,0.018,0.153,-0.695,0.027,-0.002,-0.171
3.74,-0.04,0.018,0.057,0.011,-0.049,0.037,0.014,0.149,-0.693,0.019,-0.01,-0.17
3.75,-0.039,0.041,0.08,-0.002,-0.06,0.06,0.016,0.151,-0.688,0.012,-0.015,-0.161
3.76,-0.072,0.024,0.096,0.023,-0.085,0.06,0.011,0.145,-0.705,0.005,-0.024,-0.192
3.77,-0.087,0.007,0.094,0.039,-0.09,0.05,0.01,0.146,-0.71,-0.003,-0.039,-0.22
3.78,-0.091,0.005,0.096,0.043,-0.094,0.05,0.01,0.143,-0.702,-0.009,-0.031,-0.204
3.79,-0.075,0.019,0.094,0.027,-0.085,0.057,0.011,0.156,-0.7,-0.003,-0.019,-0.199
3.8,-0.062,0.03,0.092,0.016,-0.078,0.061,0.036,0.16,-0.693,0.008,-0.013,-0.193
3.81,-0.041,0.058,0.099,-0.009,-0.071,0.078,0.047,0.151,-0.692,0.016,-0.006,-0.19
3.82,-0.054,0.053,0.107,0.001,-0.081,0.08,0.034,0.186,-0.683,0.036,0.0,-0.186
3.83,-0.013,0.077,0.09,-0.032,-0.052,0.083,0.028,0.208,-0.679,0.036,0.008,-0.18
3.84,0.012,0.121,0.109,-0.067,-0.048,0.114,0.017,0.193,-0.665,0.029,0.007,-0.18
3.85,-0.018,0.048,0.067,-0.015,-0.043,0.057,0.009,0.16,-0.701,0.01,-0.008,-0.179
3.86,0.016,0.015,-0.001,-0.016,0.009,0.007,-0.007,0.125,-0.773,-0.028,-0.033,-0.193
3.87,-0.013,0.022,0.035,-0.004,-0.024,0.028,-0.029,0.109,-0.781,-0.048,-0.063,-0.202
3.88,-0.044,0.008,0.052,0.018,-0.048,0.03,-0.03,0.11,-0.779,-0.044,-0.071,-0.199
3.89,-0.044,0.006,0.05,0.019,-0.048,0.028,-0.026,0.111,-0.778,-0.04,-0.069,-0.2
3.9,-0.045,-0.005,0.04,0.024,-0.042,0.018,-0.025,0.108,-0.783,-0.041,-0.072,-0.201
3.91,-0.048,0.009,0.057,0.019,-0.052,0.033,-0.02,0.113,-0.772,-0.026,-0.067,-0.196
3.92,-0.061,0.034,0.095,0.013,-0.078,0.064,-0.02,0.104,-0.797,-0.059,-0.075,-0.208
3.93,-0.07,0.014,0.084,0.027,-0.077,0.049,-0.014,0.108,-0.799,-0.063,-0.057,-0.213
3.94,-0.106,-0.022,0.084,0.064,-0.095,0.031,-0.007,0.095,-0.804,-0.073,-0.068,-0.214
3.95,-0.116,-0.037,0.08,0.077,-0.098,0.021,-0.002,0.101,-0.789,-0.049,-0.044,-0.203
3.96,-0.104,-0.03,0.075,0.067,-0.09,0.022,0.008,0.091,-0.79,-0.064,-0.057,-0.208
3.97,-0.048,0.026,0.074,0.01,-0.061,0.049,0.009,0.086,-0.792,-0.047,-0.035,-0.195
3.98,-0.035,0.028,0.063,0.004,-0.05,0.045,0.024,0.095,-0.767,-0.047,-0.047,-0.218
3.99,-0.095,0.027,0.122,0.033,-0.108,0.074,0.031,0.069,-0.853,-0.113,-0.115,-0.276
4.0,-0.12,0.111,0.232,0.004,-0.176,0.171,0.049,0.168,-0.7,0.155,0.136,-0.111
4.01,0.131,0.387,0.256,-0.259,-0.063,0.321,-0.152,0.031,-0.572,0.903,0.87,0.473
4.02,0.588,0.612,0.024,-0.6,0.282,0.317,-0.569,-0.224,-0.44,2.081,1.881,1.231
4.03,0.614,0.317,-0.297,-0.465,0.455,0.01,-0.785,-0.721,-1.059,1.118,1.005,0.726
4.04,0.35,-0.031,-0.382,-0.159,0.366,-0.206,-0.728,-1.069,-1.901,-0.819,-0.607,-0.344
4.05,0.271,-0.162,-0.433,-0.054,0.352,-0.298,-0.441,-0.507,-1.379,-0.643,-0.507,-0.395
4.06,0.256,-0.167,-0.423,-0.045,0.34,-0.295,-0.181,-0.089,-0.934,-0.316,-0.258,-0.299
4.07,0.107,-0.074,-0.18,-0.016,0.144,-0.127,-0.082,0.038,-0.834,-0.195,-0.157,-0.266
4.08,-0.056,-0.037,0.018,0.047,-0.037,-0.01,-0.018,0.15,-0.734,-0.051,-0.044,-0.207
4.09,-0.064,0.013,0.078,0.025,-0.071,0.045,0.0,0.136,-0.758,-0.079,-0.038,-0.219
4.1,-0.045,0.04,0.086,0.002,-0.066,0.063,-0.001,0.144,-0.718,-0.026,-0.01,-0.192
4.11,-0.045,0.039,0.085,0.002,-0.065,0.062,0.006,0.168,-0.739,-0.057,-0.043,-0.199
4.12,-0.049,0.039,0.088,0.005,-0.069,0.063,0.034,0.22,-0.716,-0.024,-0.007,-0.181
4.13,-0.057,0.035,0.092,0.011,-0.075,0.063,0.042,0.199,-0.72,-0.033,-0.01,-0.182
4.14,-0.054,0.032,0.087,0.011,-0.071,0.059,0.039,0.19,-0.711,-0.016,0.006,-0.18
4.15,-0.056,0.048,0.105,0.004,-0.081,0.076,0.04,0.218,-0.692,-0.006,0.016,-0.178
4.16,-0.039,0.073,0.113,-0.017,-0.076,0.093,0.034,0.233,-0.68,0.0,0.025,-0.176
4.17,-0.035,0.069,0.103,-0.017,-0.069,0.086,0.036,0.229,-0.662,0.015,0.035,-0.174
4.18,-0.026,0.072,0.098,-0.024,-0.062,0.085,0.035,0.245,-0.653,0.013,0.025,-0.173
4.19,-0.011,0.076,0.087,-0.033,-0.049,0.081,0.065,0.299,-0.637,0.031,0.041,-0.162
4.2,-0.014,0.073,0.087,-0.03,-0.051,0.08,0.075,0.29,-0.628,0.038,0.067,-0.155
4.21,0.022,0.08,0.058,-0.051,-0.018,0.069,0.055,0.304,-0.601,0.051,0.07,-0.146
4.22,0.001,0.087,0.086,-0.044,-0.043,0.086,0.08,0.359,-0.559,0.061,0.07,-0.139
4.23,-0.036,0.092,0.128,-0.028,-0.082,0.11,0.088,0.374,-0.526,0.066,0.069,-0.134
4.24,-0.019,0.089,0.108,-0.035,-0.063,0.098,0.102,0.426,-0.493,0.104,0.096,-0.127
4.25,-0.017,0.087,0.104,-0.036,-0.061,0.095,0.129,0.463,-0.468,0.13,0.131,-0.122
4.26,-0.009,0.084,0.093,-0.038,-0.051,0.088,0.12,0.479,-0.457,0.122,0.122,-0.117
4.27,-0.001,0.084,0.085,-0.042,-0.043,0.084,0.119,0.51,-0.45,0.116,0.116,-0.113
4.28,-0.004,0.079,0.083,-0.038,-0.044,0.081,0.114,0.503,-0.44,0.108,0.108,-0.107
4.29,-0.019,0.056,0.074,-0.019,-0.047,0.065,0.111,0.488,-0.433,0.101,0.1,-0.104
4.3,0.015,0.089,0.074,-0.053,-0.03,0.082,0.107,0.454,-0.457,0.094,0.095,-0.099
4.31,0.046,0.112,0.066,-0.079,-0.011,0.089,0.089,0.404,-0.506,0.086,0.089,-0.094
4.32,0.014,0.078,0.063,-0.046,-0.025,0.07,0.075,0.366,-0.557,0.079,0.091,-0.096
4.33,-0.005,0.053,0.058,-0.024,-0.031,0.055,0.05,0.309,-0.607,0.072,0.09,-0.094
4.34,0.02,0.059,0.038,-0.04,-0.009,0.048,0.022,0.241,-0.658,0.064,0.09,-0.096
4.35,0.008,0.079,0.071,-0.043,-0.032,0.074,0.006,0.217,-0.691,0.058,0.09,-0.092
4.36,-0.025,0.054,0.079,-0.015,-0.052,0.066,-0.006,0.179,-0.727,0.05,0.086,-0.108
4.37,0.002,0.04,0.037,-0.021,-0.018,0.038,-0.019,0.139,-0.77,0.04,0.079,-0.141
4.38,0.0,0.04,0.04,-0.02,-0.02,0.04,-0.022,0.167,-0.775,0.032,0.072,-0.14
4.39,-0.045,0.019,0.064,0.013,-0.055,0.041,-0.02,0.169,-0.774,0.022,0.067,-0.138
4.4,-0.047,0.02,0.066,0.013,-0.057,0.043,-0.02,0.159,-0.775,0.014,0.058,-0.134
4.41,-0.052,-0.004,0.049,0.028,-0.05,0.022,-0.017,0.159,-0.774,0.01,0.057,-0.136
4.42,-0.037,0.011,0.048,0.012,-0.042,0.029,-0.014,0.151,-0.787,0.01,0.059,-0.151
4.43,0.024,0.065,0.041,-0.045,-0.009,0.053,-0.016,0.149,-0.789,0.01,0.063,-0.14
4.44,0.013,0.056,0.043,-0.034,-0.015,0.049,-0.02,0.144,-0.781,0.01,0.079,-0.129
4.45,-0.027,0.045,0.072,-0.009,-0.05,0.058,-0.02,0.145,-0.779,0.01,0.081,-0.131
4.46,-0.041,0.041,0.082,0.0,-0.061,0.061,-0.021,0.145,-0.774,0.009,0.078,-0.129
4.47,-0.051,0.029,0.079,0.011,-0.065,0.053,-0.025,0.145,-0.767,0.021,0.077,-0.131
4.48,-0.082,-0.001,0.081,0.041,-0.081,0.04,-0.025,0.145,-0.778,0.025,0.072,-0.129
4.49,-0.066,0.014,0.08,0.026,-0.072,0.047,-0.023,0.141,-0.792,0.018,0.081,-0.132
4.5,-0.035,0.046,0.081,-0.006,-0.058,0.063,-0.02,0.137,-0.788,0.015,0.09,-0.136
4.51,-0.024,0.044,0.068,-0.01,-0.046,0.055,-0.02,0.134,-0.79,0.01,0.09,-0.133
4.52,0.003,0.036,0.032,-0.02,-0.015,0.034,-0.016,0.131,-0.807,0.005,0.088,-0.152
4.53,-0.004,0.041,0.044,-0.019,-0.024,0.043,-0.015,0.126,-0.804,0.001,0.085,-0.167
4.54,-0.022,0.062,0.085,-0.02,-0.054,0.073,-0.015,0.124,-0.786,-0.001,0.085,-0.159
4.55,-0.051,0.035,0.085,0.007,-0.068,0.06,-0.008,0.138,-0.78,-0.005,0.082,-0.156
4.56,-0.056,0.024,0.08,0.016,-0.068,0.051,0.002,0.147,-0.771,-0.004,0.08,-0.151
4.57,-0.062,0.017,0.079,0.022,-0.071,0.048,0.009,0.151,-0.767,0.004,0.079,-0.147
4.58,-0.03,0.044,0.074,-0.007,-0.052,0.058,0.018,0.175,-0.757,0.022,0.092,-0.142
4.59,-0.001,0.076,0.077,-0.038,-0.039,0.076,0.028,0.198,-0.754,0.03,0.111,-0.14
4.6,-0.045,0.041,0.086,0.001,-0.065,0.063,0.023,0.193,-0.746,0.013,0.102,-0.15
4.61,-0.029,0.032,0.061,-0.001,-0.045,0.046,0.013,0.149,-0.753,-0.006,0.082,-0.159
4.62,-0.034,0.004,0.038,0.015,-0.036,0.02,-0.013,0.105,-0.795,-0.034,0.064,-0.17
4.63,-0.046,-0.029,0.017,0.038,-0.031,-0.006,-0.027,0.099,-0.825,-0.055,0.042,-0.192
4.64,-0.01,-0.01,-0.001,0.01,-0.004,-0.005,-0.024,0.101,-0.846,-0.06,0.038,-0.209
4.65,-0.012,0.003,0.015,0.005,-0.013,0.009,-0.025,0.096,-0.83,-0.058,0.056,-0.21
4.66,-0.037,-0.028,0.009,0.033,-0.023,-0.009,-0.021,0.095,-0.813,-0.063,0.049,-0.21
4.67,-0.065,-0.042,0.023,0.053,-0.043,-0.009,-0.019,0.093,-0.821,-0.056,0.049,-0.203
4.68,-0.073,-0.033,0.041,0.053,-0.057,0.004,-0.019,0.087,-0.846,-0.064,0.039,-0.208
4.69,-0.042,-0.028,0.014,0.034,-0.027,-0.007,-0.014,0.108,-0.839,-0.06,0.041,-0.201
4.7,-0.065,-0.023,0.042,0.043,-0.053,0.009,-0.01,0.104,-0.839,-0.084,0.033,-0.202
4.71,-0.09,-0.017,0.073,0.053,-0.081,0.028,-0.025,0.102,-0.834,-0.074,0.039,-0.195
4.72,-0.07,-0.014,0.056,0.042,-0.062,0.021,-0.031,0.118,-0.823,-0.061,0.061,-0.192
4.73,-0.078,-0.017,0.061,0.047,-0.069,0.022,-0.029,0.11,-0.836,-0.078,0.056,-0.194
4.74,-0.04,-0.011,0.029,0.025,-0.034,0.009,-0.022,0.127,-0.805,-0.031,0.058,-0.181
4.75,-0.058,-0.013,0.046,0.035,-0.052,0.016,-0.019,0.082,-0.909,-0.167,-0.061,-0.261
4.76,-0.094,0.058,0.152,0.018,-0.123,0.105,0.028,0.152,-0.825,-0.03,0.063,-0.185
4.77,0.016,0.26,0.244,-0.139,-0.115,0.252,-0.059,0.063,-0.704,0.487,0.58,0.21
4.78,0.422,0.534,0.112,-0.478,0.155,0.322,-0.453,-0.193,-0.538,1.641,1.615,0.984
4.79,0.692,0.471,-0.221,-0.581,0.456,0.125,-0.76,-0.572,-0.858,1.564,1.484,0.97
4.8,0.428,0.072,-0.356,-0.25,0.392,-0.141,-0.761,-1.027,-1.824,-0.464,-0.205,-0.106
4.81,0.342,-0.131,-0.473,-0.105,0.408,-0.302,-0.543,-0.667,-1.618,-0.857,-0.562,-0.431
4.82,0.35,-0.159,-0.509,-0.095,0.43,-0.334,-0.274,-0.161,-1.057,-0.383,-0.223,-0.302
4.83,0.158,-0.114,-0.272,-0.022,0.216,-0.193,-0.128,-0.008,-0.933,-0.294,-0.152,-0.289
4.84,0.059,-0.026,-0.086,-0.016,0.073,-0.056,-0.055,0.134,-0.795,-0.087,0.037,-0.208
4.85,0.004,0.018,0.015,-0.011,-0.006,0.016,-0.006,0.162,-0.826,-0.111,0.04,-0.21
4.86,-0.006,0.034,0.04,-0.014,-0.023,0.037,0.009,0.164,-0.797,-0.055,0.055,-0.182
4.87,-0.024,0.024,0.048,0.0,-0.036,0.036,0.016,0.166,-0.774,-0.067,0.072,-0.181
4.88,-0.047,0.024,0.072,0.011,-0.06,0.048,0.029,0.198,-0.752,-0.05,0.11,-0.17
4.89,-0.05,0.017,0.067,0.016,-0.058,0.041,0.036,0.214,-0.737,-0.037,0.097,-0.165
4.9,-0.045,0.012,0.058,0.016,-0.052,0.035,0.05,0.238,-0.711,-0.042,0.088,-0.163
4.91,-0.016,0.047,0.063,-0.016,-0.039,0.055,0.051,0.243,-0.694,-0.025,0.088,-0.153
4.92,0.023,0.061,0.038,-0.043,-0.008,0.049,0.049,0.235,-0.695,-0.033,0.072,-0.152
4.93,0.012,0.051,0.039,-0.032,-0.014,0.045,0.051,0.257,-0.678,-0.018,0.09,-0.142
4.94,-0.046,0.048,0.094,-0.001,-0.07,0.071,0.051,0.27,-0.678,-0.022,0.09,-0.136
4.95,-0.032,0.046,0.078,-0.007,-0.055,0.062,0.066,0.297,-0.655,-0.002,0.106,-0.126
4.96,-0.03,0.034,0.064,-0.003,-0.047,0.049,0.081,0.323,-0.632,0.005,0.113,-0.119
4.97,-0.016,0.051,0.068,-0.018,-0.042,0.059,0.069,0.334,-0.612,0.033,0.125,-0.112
4.98,-0.011,0.085,0.097,-0.037,-0.054,0.091,0.072,0.365,-0.576,0.066,0.148,-0.104
4.99,-0.042,0.085,0.127,-0.022,-0.085,0.106,0.099,0.411,-0.534,0.067,0.143,-0.096
5.0,-0.034,0.077,0.111,-0.021,-0.073,0.094,0.11,0.451,-0.496,0.088,0.146,-0.088
5.01,-0.019,0.083,0.103,-0.032,-0.061,0.093,0.123,0.487,-0.47,0.092,0.145,-0.08
5.02,0.027,0.118,0.091,-0.073,-0.032,0.104,0.122,0.512,-0.457,0.087,0.147,-0.075
5.03,0.049,0.119,0.07,-0.084,-0.011,0.094,0.114,0.532,-0.46,0.098,0.159,-0.072
5.04,0.036,0.113,0.078,-0.075,-0.022,0.095,0.11,0.527,-0.458,0.098,0.157,-0.068
5.05,0.044,0.111,0.067,-0.078,-0.012,0.089,0.103,0.509,-0.472,0.092,0.148,-0.065
5.06,0.071,0.106,0.034,-0.089,0.018,0.07,0.099,0.48,-0.5,0.089,0.144,-0.059
5.07,0.062,0.105,0.043,-0.083,0.009,0.074,0.083,0.458,-0.521,0.083,0.134,-0.063
5.08,0.041,0.088,0.047,-0.065,-0.003,0.067,0.062,0.403,-0.568,0.08,0.134,-0.065
5.09,0.061,0.081,0.02,-0.071,0.02,0.05,0.043,0.315,-0.605,0.073,0.153,-0.065
5.1,0.024,0.045,0.021,-0.035,0.001,0.033,0.032,0.276,-0.655,0.065,0.151,-0.065
5.11,0.013,0.07,0.057,-0.042,-0.022,0.063,0.026,0.235,-0.703,0.054,0.143,-0.063
5.12,0.003,0.062,0.059,-0.033,-0.028,0.06,0.019,0.206,-0.739,0.028,0.14,-0.079
5.13,-0.045,0.015,0.06,0.014,-0.053,0.037,0.013,0.193,-0.761,0.01,0.132,-0.055
5.14,0.02,0.053,0.033,-0.037,-0.007,0.043,0.006,0.176,-0.769,-0.003,0.113,-0.073
5.15,-0.028,0.034,0.062,-0.003,-0.045,0.048,0.005,0.176,-0.796,-0.012,0.095,-0.12
5.16,-0.062,0.041,0.104,0.01,-0.083,0.072,0.005,0.174,-0.795,-0.02,0.095,-0.113
5.17,0.011,0.051,0.04,-0.032,-0.014,0.045,0.0,0.172,-0.793,-0.029,0.094,-0.114
5.18,-0.014,0.007,0.021,0.003,-0.018,0.014,0.0,0.169,-0.796,-0.026,0.091,-0.11
5.19,0.011,0.028,0.016,-0.02,-0.003,0.022,0.001,0.169,-0.793,-0.025,0.089,-0.11
5.2,0.017,0.052,0.035,-0.035,-0.009,0.044,0.006,0.165,-0.796,-0.025,0.092,-0.108
5.21,-0.024,0.033,0.057,-0.005,-0.041,0.045,0.009,0.159,-0.794,-0.025,0.094,-0.097
5.22,0.017,0.039,0.023,-0.028,-0.003,0.031,0.012,0.158,-0.795,-0.025,0.099,-0.088
5.23,0.031,0.062,0.031,-0.047,0.0,0.046,0.017,0.148,-0.794,-0.027,0.098,-0.079
5.24,-0.046,0.034,0.08,0.005,-0.063,0.057,0.02,0.161,-0.795,-0.03,0.111,-0.081
5.25,-0.073,0.013,0.086,0.03,-0.08,0.049,0.024,0.185,-0.794,-0.03,0.128,-0.078
5.26,-0.043,0.034,0.078,0.005,-0.061,0.056,0.025,0.177,-0.79,-0.034,0.117,-0.075
5.27,-0.025,0.053,0.078,-0.015,-0.052,0.066,0.025,0.17,-0.79,-0.036,0.105,-0.075
5.28,-0.033,0.038,0.071,-0.003,-0.052,0.054,0.024,0.164,-0.788,-0.034,0.096,-0.073
5.29,-0.038,0.033,0.071,0.003,-0.055,0.052,0.026,0.154,-0.784,-0.031,0.095,-0.069
5.3,-0.04,0.024,0.063,0.007,-0.052,0.043,0.024,0.153,-0.785,-0.03,0.095,-0.067
5.31,-0.055,0.007,0.062,0.024,-0.058,0.034,0.026,0.17,-0.782,-0.029,0.095,-0.064
5.32,-0.005,0.048,0.054,-0.022,-0.03,0.051,0.024,0.167,-0.773,-0.024,0.095,-0.061
5.33,-0.005,0.048,0.053,-0.022,-0.029,0.05,0.024,0.166,-0.766,-0.025,0.095,-0.06
5.34,-0.021,0.024,0.046,-0.002,-0.034,0.035,0.051,0.194,-0.769,-0.023,0.091,-0.052
5.35,0.006,0.046,0.041,-0.026,-0.018,0.043,0.056,0.193,-0.77,-0.018,0.084,-0.045
5.36,0.017,0.071,0.053,-0.044,-0.018,0.062,0.056,0.213,-0.769,-0.014,0.107,-0.028
5.37,0.041,0.076,0.035,-0.059,0.002,0.056,0.059,0.234,-0.769,-0.009,0.11,-0.029
5.38,0.025,0.067,0.042,-0.046,-0.009,0.054,0.032,0.206,-0.769,-0.022,0.099,-0.045
5.39,0.013,0.04,0.028,-0.027,-0.008,0.034,0.017,0.162,-0.772,-0.046,0.08,-0.053
5.4,0.003,0.008,0.004,-0.006,-0.001,0.006,0.006,0.134,-0.781,-0.073,0.045,-0.077
5.41,-0.007,-0.001,0.006,0.003,-0.006,0.002,-0.005,0.135,-0.807,-0.092,0.034,-0.086
5.42,0.001,-0.008,-0.009,0.004,0.005,-0.009,-0.008,0.136,-0.801,-0.072,0.033,-0.08
5.43,0.006,-0.011,-0.017,0.002,0.012,-0.014,-0.001,0.133,-0.782,-0.082,0.022,-0.08
5.44,-0.014,-0.033,-0.019,0.023,0.003,-0.026,0.009,0.137,-0.776,-0.104,0.023,-0.073
5.45,-0.038,-0.006,0.031,0.022,-0.034,0.013,0.017,0.132,-0.784,-0.117,0.046,-0.072
5.46,-0.046,0.033,0.078,0.006,-0.062,0.055,0.029,0.137,-0.775,-0.103,0.069,-0.075
5.47,-0.068,0.011,0.08,0.029,-0.074,0.045,0.03,0.135,-0.783,-0.115,0.045,-0.089
5.48,-0.06,0.014,0.074,0.022,-0.068,0.044,0.023,0.155,-0.778,-0.108,0.045,-0.082
5.49,-0.076,-0.004,0.071,0.04,-0.074,0.033,0.024,0.157,-0.791,-0.106,0.035,-0.086
5.5,-0.069,0.0,0.069,0.034,-0.069,0.034,0.014,0.143,-0.814,-0.123,0.015,-0.087
5.51,-0.081,-0.021,0.06,0.051,-0.07,0.019,0.018,0.161,-0.766,-0.084,0.025,-0.079
5.52,-0.119,-0.019,0.099,0.069,-0.109,0.04,0.031,0.123,-0.832,-0.183,-0.064,-0.112
5.53,-0.083,0.07,0.153,0.006,-0.118,0.111,0.063,0.191,-0.745,-0.039,0.051,-0.03
5.54,0.047,0.259,0.212,-0.153,-0.083,0.235,-0.045,0.1,-0.647,0.471,0.551,0.332
5.55,0.487,0.564,0.077,-0.526,0.204,0.32,-0.423,-0.149,-0.456,1.61,1.554,1.104
5.56,0.685,0.434,-0.251,-0.56,0.468,0.092,-0.735,-0.57,-0.824,1.403,1.32,1.044
5.57,0.443,0.037,-0.406,-0.24,0.424,-0.184,-0.753,-1.007,-1.801,-0.575,-0.313,-0.017
5.58,0.378,-0.139,-0.518,-0.12,0.448,-0.328,-0.511,-0.616,-1.54,-0.871,-0.596,-0.318
5.59,0.297,-0.195,-0.492,-0.05,0.394,-0.343,-0.223,-0.093,-0.977,-0.416,-0.271,-0.187
5.6,0.129,-0.123,-0.252,-0.003,0.191,-0.188,-0.08,0.074,-0.842,-0.316,-0.182,-0.155
5.61,0.052,-0.034,-0.086,-0.009,0.069,-0.06,-0.013,0.179,-0.708,-0.117,-0.021,-0.08
5.62,-0.036,-0.004,0.032,0.02,-0.034,0.013,0.023,0.209,-0.715,-0.129,-0.009,-0.07
5.63,-0.041,0.008,0.049,0.016,-0.045,0.029,0.018,0.22,-0.667,-0.08,0.018,-0.041
5.64,-0.034,0.009,0.043,0.012,-0.038,0.026,0.039,0.241,-0.673,-0.093,-0.005,-0.046
5.65,-0.069,-0.001,0.068,0.035,-0.069,0.033,0.069,0.285,-0.635,-0.073,0.041,-0.03
5.66,-0.043,0.019,0.062,0.011,-0.052,0.04,0.061,0.279,-0.609,-0.067,0.058,-0.027
5.67,-0.029,0.035,0.063,-0.003,-0.046,0.049,0.061,0.281,-0.612,-0.068,0.051,-0.019
5.68,-0.012,0.044,0.057,-0.016,-0.035,0.05,0.052,0.277,-0.596,-0.055,0.06,-0.012
5.69,-0.018,0.038,0.056,-0.01,-0.037,0.047,0.075,0.308,-0.597,-0.06,0.05,-0.037
5.7,-0.028,0.026,0.054,0.0,-0.041,0.04,0.104,0.334,-0.582,-0.047,0.059,-0.023
5.71,-0.016,0.051,0.066,-0.018,-0.041,0.058,0.098,0.341,-0.558,-0.048,0.052,-0.007
5.72,-0.021,0.056,0.077,-0.018,-0.049,0.067,0.106,0.368,-0.533,-0.036,0.056,-0.001
5.73,-0.017,0.05,0.067,-0.017,-0.042,0.058,0.103,0.377,-0.506,-0.028,0.055,0.005
5.74,-0.042,0.034,0.076,0.004,-0.059,0.055,0.113,0.441,-0.463,-0.019,0.053,0.016
5.75,-0.015,0.055,0.07,-0.021,-0.042,0.062,0.144,0.474,-0.445,0.003,0.07,0.045
5.76,0.017,0.061,0.044,-0.039,-0.014,0.052,0.151,0.475,-0.416,0.017,0.062,0.051
5.77,0.033,0.081,0.048,-0.057,-0.008,0.064,0.149,0.521,-0.358,0.042,0.066,0.049
5.78,0.035,0.128,0.092,-0.082,-0.029,0.11,0.152,0.556,-0.316,0.075,0.092,0.05
5.79,0.019,0.108,0.089,-0.063,-0.035,0.098,0.146,0.582,-0.299,0.077,0.084,0.05
5.8,0.035,0.088,0.053,-0.061,-0.009,0.07,0.17,0.606,-0.299,0.084,0.077,0.049
5.81,0.052,0.1,0.048,-0.076,0.002,0.074,0.181,0.609,-0.301,0.089,0.073,0.052
5.82,0.058,0.099,0.041,-0.079,0.008,0.07,0.156,0.585,-0.298,0.079,0.061,0.058
5.83,0.057,0.09,0.033,-0.074,0.012,0.061,0.144,0.543,-0.301,0.072,0.067,0.066
5.84,0.091,0.103,0.012,-0.097,0.039,0.057,0.134,0.511,-0.324,0.064,0.084,0.085
5.85,0.064,0.074,0.01,-0.069,0.027,0.042,0.105,0.459,-0.387,0.056,0.078,0.085
5.86,0.078,0.073,-0.006,-0.076,0.042,0.034,0.07,0.394,-0.44,0.045,0.07,0.08
5.87,0.094,0.078,-0.017,-0.086,0.055,0.031,0.06,0.346,-0.49,0.033,0.064,0.079
5.88,0.025,0.057,0.032,-0.041,-0.004,0.044,0.057,0.305,-0.548,0.023,0.055,0.075
5.89,-0.01,0.052,0.062,-0.021,-0.036,0.057,0.05,0.261,-0.571,0.001,0.049,0.074
5.9,-0.013,0.041,0.054,-0.014,-0.034,0.047,0.045,0.215,-0.616,-0.026,0.035,0.067
5.91,-0.013,0.037,0.051,-0.012,-0.032,0.044,0.04,0.221,-0.629,-0.039,0.021,0.062
5.92,-0.006,0.041,0.047,-0.018,-0.027,0.044,0.045,0.228,-0.622,-0.041,0.011,0.058
5.93,0.032,0.071,0.039,-0.052,-0.004,0.055,0.045,0.215,-0.63,-0.039,0.004,0.05
5.94,-0.016,0.029,0.044,-0.007,-0.03,0.037,0.046,0.212,-0.629,-0.043,0.0,0.047
5.95,-0.008,0.014,0.021,-0.003,-0.015,0.017,0.05,0.2,-0.63,-0.055,-0.006,0.04
5.96,0.019,0.058,0.039,-0.038,-0.011,0.049,0.05,0.198,-0.625,-0.056,-0.012,0.038
5.97,-0.048,0.023,0.07,0.012,-0.059,0.046,0.047,0.186,-0.624,-0.049,-0.013,0.031
5.98,-0.041,0.015,0.056,0.013,-0.049,0.035,0.045,0.192,-0.626,-0.051,-0.009,0.036
5.99,-0.014,0.042,0.056,-0.014,-0.035,0.049,0.045,0.204,-0.623,-0.041,0.003,0.062
6.0,0.032,0.033,0.001,-0.033,0.016,0.016,0.045,0.17,-0.627,-0.053,-0.022,0.051
6.01,0.033,0.028,-0.006,-0.03,0.019,0.011,0.045,0.173,-0.628,-0.062,-0.028,0.059
6.02,-0.011,0.056,0.067,-0.023,-0.039,0.061,0.045,0.193,-0.599,-0.021,0.013,0.07
6.03,-0.024,0.057,0.081,-0.016,-0.053,0.069,0.041,0.178,-0.588,-0.03,0.011,0.04
6.04,-0.006,0.046,0.052,-0.02,-0.029,0.048,0.038,0.167,-0.591,-0.051,-0.001,0.051
6.05,0.038,0.042,0.004,-0.04,0.017,0.022,0.035,0.158,-0.589,-0.056,-0.011,0.062
6.06,0.043,0.032,-0.01,-0.038,0.026,0.011,0.032,0.153,-0.59,-0.067,-0.029,0.056
6.07,-0.03,0.001,0.032,0.014,-0.031,0.017,0.049,0.168,-0.59,-0.064,-0.036,0.055
6.08,-0.053,-0.015,0.038,0.034,-0.045,0.012,0.053,0.169,-0.585,-0.066,-0.036,0.051
6.09,-0.009,0.02,0.028,-0.006,-0.019,0.024,0.044,0.164,-0.574,-0.064,-0.034,0.05
6.1,-0.038,0.028,0.067,0.005,-0.053,0.047,0.065,0.187,-0.562,-0.066,-0.034,0.05
6.11,-0.022,0.049,0.071,-0.014,-0.047,0.059,0.064,0.201,-0.55,-0.061,-0.029,0.051
6.12,-0.026,0.029,0.056,-0.002,-0.041,0.042,0.059,0.212,-0.539,-0.048,-0.031,0.046
6.13,-0.016,0.033,0.049,-0.009,-0.032,0.04,0.084,0.213,-0.53,-0.033,-0.033,0.061
6.14,0.024,0.063,0.039,-0.043,-0.008,0.05,0.075,0.196,-0.52,-0.025,-0.036,0.067
6.15,-0.025,0.014,0.038,0.005,-0.032,0.026,0.057,0.178,-0.509,-0.043,-0.039,0.056
6.16,-0.024,0.008,0.032,0.008,-0.028,0.019,0.054,0.148,-0.548,-0.067,-0.042,0.051
6.17,-0.026,0.006,0.031,0.01,-0.029,0.018,0.045,0.132,-0.599,-0.103,-0.073,0.041
6.18,-0.002,0.021,0.023,-0.01,-0.013,0.022,0.04,0.122,-0.596,-0.118,-0.087,0.036
6.19,-0.017,0.008,0.025,0.004,-0.021,0.016,0.031,0.109,-0.587,-0.112,-0.083,0.03
6.2,-0.039,-0.029,0.01,0.034,-0.024,-0.009,0.034,0.107,-0.585,-0.121,-0.087,0.026
6.21,-0.027,-0.019,0.008,0.022,-0.017,-0.005,0.046,0.113,-0.571,-0.115,-0.081,0.025
6.22,-0.01,-0.017,-0.007,0.013,-0.001,-0.012,0.044,0.106,-0.576,-0.127,-0.09,0.017
6.23,0.029,-0.004,-0.033,-0.012,0.032,-0.019,0.037,0.114,-0.558,-0.111,-0.075,0.019
6.24,-0.053,-0.006,0.047,0.029,-0.05,0.02,0.051,0.108,-0.572,-0.129,-0.086,0.011
6.25,-0.056,-0.009,0.047,0.032,-0.051,0.019,0.075,0.136,-0.558,-0.112,-0.069,0.031
6.26,-0.039,-0.047,-0.008,0.043,-0.015,-0.027,0.077,0.114,-0.561,-0.125,-0.078,0.02
6.27,-0.025,-0.01,0.015,0.017,-0.02,0.003,0.07,0.101,-0.565,-0.122,-0.069,0.029
6.28,-0.024,0.014,0.038,0.005,-0.031,0.026,0.072,0.126,-0.541,-0.105,-0.065,0.019
6.29,-0.111,-0.01,0.101,0.06,-0.106,0.045,0.074,0.066,-0.594,-0.173,-0.134,-0.049
6.3,-0.086,0.091,0.178,-0.003,-0.132,0.134,0.096,0.173,-0.446,0.051,0.057,0.072
6.31,0.144,0.327,0.183,-0.235,-0.02,0.255,-0.089,0.055,-0.313,0.722,0.716,0.575
6.32,0.612,0.586,-0.026,-0.599,0.319,0.28,-0.501,-0.217,-0.098,1.845,1.675,1.311
6.33,0.671,0.341,-0.329,-0.506,0.5,0.006,-0.742,-0.709,-0.713,1.048,0.939,0.893
6.34,0.409,-0.055,-0.464,-0.177,0.437,-0.259,-0.73,-1.136,-1.685,-0.858,-0.627,-0.149
6.35,0.386,-0.156,-0.541,-0.115,0.464,-0.348,-0.45,-0.585,-1.202,-0.777,-0.593,-0.247
6.36,0.291,-0.188,-0.48,-0.051,0.386,-0.334,-0.151,-0.097,-0.702,-0.422,-0.34,-0.151
6.37,0.143,-0.114,-0.257,-0.014,0.201,-0.185,-0.05,0.029,-0.596,-0.296,-0.241,-0.102
6.38,0.049,-0.047,-0.097,-0.001,0.074,-0.072,0.042,0.164,-0.457,-0.118,-0.085,-0.012
6.39,-0.037,-0.013,0.023,0.025,-0.03,0.005,0.07,0.172,-0.458,-0.124,-0.079,0.01
6.4,-0.034,0.021,0.055,0.006,-0.045,0.038,0.076,0.2,-0.407,-0.063,-0.042,0.034
6.41,0.027,0.043,0.016,-0.035,0.005,0.029,0.089,0.212,-0.414,-0.09,-0.062,0.014
6.42,0.021,0.056,0.035,-0.038,-0.007,0.045,0.078,0.227,-0.391,-0.067,-0.041,0.022
6.43,-0.012,0.044,0.056,-0.016,-0.035,0.05,0.082,0.224,-0.386,-0.073,-0.045,0.011
6.44,0.015,0.046,0.031,-0.031,-0.008,0.038,0.07,0.215,-0.375,-0.067,-0.038,0.01
6.45,0.0,0.044,0.044,-0.022,-0.023,0.044,0.091,0.235,-0.358,-0.061,-0.034,0.013
6.46,-0.051,0.007,0.058,0.022,-0.055,0.033,0.121,0.274,-0.348,-0.061,-0.037,0.035
6.47,-0.063,-0.019,0.044,0.041,-0.053,0.012,0.12,0.282,-0.334,-0.049,-0.033,0.053
6.48,-0.06,-0.028,0.032,0.043,-0.046,0.002,0.119,0.266,-0.333,-0.049,-0.036,0.048
6.49,0.036,0.025,-0.011,-0.03,0.023,0.007,0.121,0.291,-0.295,-0.039,-0.034,0.05
6.5,0.06,0.07,0.01,-0.065,0.025,0.04,0.118,0.32,-0.257,-0.035,-0.031,0.044
6.51,0.01,0.054,0.044,-0.032,-0.017,0.049,0.125,0.343,-0.228,-0.019,-0.02,0.045
6.52,-0.03,0.027,0.057,0.001,-0.043,0.042,0.152,0.383,-0.194,0.005,-0.01,0.048
6.53,-0.084,-0.018,0.065,0.051,-0.074,0.023,0.161,0.429,-0.157,0.024,-0.001,0.049
6.54,-0.006,0.057,0.062,-0.025,-0.034,0.059,0.171,0.45,-0.114,0.044,0.011,0.054
6.55,0.021,0.108,0.087,-0.065,-0.034,0.098,0.176,0.473,-0.074,0.051,0.02,0.054
6.56,0.004,0.086,0.082,-0.046,-0.039,0.084,0.176,0.517,-0.053,0.058,0.027,0.065
6.57,0.022,0.09,0.068,-0.056,-0.023,0.079,0.191,0.531,-0.056,0.075,0.035,0.079
6.58,0.014,0.075,0.061,-0.045,-0.024,0.068,0.186,0.523,-0.054,0.069,0.033,0.075
6.59,0.026,0.073,0.047,-0.05,-0.01,0.059,0.183,0.507,-0.054,0.062,0.029,0.066
6.6,0.027,0.063,0.036,-0.045,-0.005,0.049,0.177,0.483,-0.058,0.057,0.025,0.062
6.61,0.042,0.057,0.015,-0.05,0.013,0.036,0.15,0.434,-0.078,0.048,0.022,0.052
6.62,0.078,0.042,-0.037,-0.06,0.057,0.002,0.114,0.372,-0.165,0.045,0.018,0.055
6.63,0.071,0.055,-0.016,-0.063,0.044,0.02,0.09,0.34,-0.22,0.035,0.039,0.097
6.64,0.03,0.073,0.044,-0.052,-0.007,0.058,0.072,0.283,-0.271,0.026,0.025,0.106
6.65,-0.002,0.033,0.035,-0.015,-0.019,0.033,0.04,0.231,-0.366,0.013,-0.012,0.086
6.66,-0.001,0.029,0.03,-0.014,-0.016,0.029,0.052,0.207,-0.415,0.002,-0.006,0.069
6.67,-0.022,0.006,0.028,0.008,-0.025,0.017,0.073,0.168,-0.431,-0.011,-0.021,0.03
6.68,-0.025,-0.006,0.019,0.015,-0.022,0.007,0.052,0.155,-0.423,-0.043,-0.042,0.014
6.69,0.005,0.013,0.008,-0.009,-0.002,0.01,0.049,0.154,-0.419,-0.057,-0.051,0.014
6.7,0.001,-0.006,-0.007,0.002,0.005,-0.006,0.047,0.15,-0.416,-0.054,-0.055,0.009
6.71,0.027,0.022,-0.004,-0.024,0.015,0.009,0.044,0.148,-0.409,-0.056,-0.046,0.008
6.72,0.02,0.03,0.01,-0.026,0.005,0.02,0.046,0.144,-0.423,-0.054,-0.045,0.004
6.73,-0.002,0.01,0.013,-0.004,-0.008,0.011,0.04,0.145,-0.425,-0.055,-0.038,0.008
6.74,-0.038,0.004,0.042,0.017,-0.04,0.023,0.04,0.145,-0.421,-0.058,-0.036,0.017
6.75,-0.014,-0.01,0.004,0.012,-0.008,-0.004,0.04,0.145,-0.419,-0.069,-0.052,0.025
6.76,0.019,-0.014,-0.033,-0.002,0.026,-0.023,0.052,0.145,-0.416,-0.061,-0.056,0.034
6.77,-0.063,0.001,0.065,0.031,-0.064,0.033,0.062,0.144,-0.414,-0.034,-0.055,0.031
6.78,-0.055,0.017,0.073,0.019,-0.064,0.045,0.055,0.146,-0.411,-0.037,-0.06,0.026
6.79,-0.006,0.014,0.02,-0.004,-0.014,0.017,0.054,0.143,-0.408,-0.046,-0.059,0.024
6.8,-0.038,-0.006,0.032,0.022,-0.035,0.013,0.049,0.148,-0.404,-0.041,-0.062,0.019
6.81,-0.041,-0.007,0.034,0.024,-0.038,0.013,0.046,0.156,-0.404,-0.041,-0.065,0.016
6.82,-0.007,0.006,0.014,0.0,-0.01,0.01,0.045,0.148,-0.396,-0.032,-0.065,0.013
6.83,-0.055,-0.031,0.024,0.043,-0.039,-0.003,0.045,0.132,-0.413,-0.047,-0.065,0.008
6.84,-0.046,-0.036,0.01,0.04,-0.028,-0.013,0.062,0.126,-0.437,-0.071,-0.065,0.005
6.85,-0.021,-0.016,0.005,0.018,-0.013,-0.005,0.066,0.143,-0.418,-0.062,-0.065,0.002
6.86,-0.054,-0.014,0.041,0.034,-0.047,0.013,0.065,0.146,-0.385,-0.056,-0.061,-0.003
6.87,-0.004,0.003,0.007,0.0,-0.005,0.004,0.064,0.145,-0.369,-0.05,-0.06,-0.005
6.88,-0.021,0.008,0.028,0.006,-0.025,0.018,0.067,0.164,-0.37,-0.042,-0.056,-0.013
6.89,-0.044,0.017,0.061,0.013,-0.053,0.039,0.075,0.182,-0.369,-0.039,-0.055,-0.018
6.9,-0.004,0.037,0.042,-0.017,-0.023,0.039,0.073,0.191,-0.371,-0.027,-0.049,-0.003
6.91,-0.023,0.021,0.044,0.0,-0.034,0.032,0.068,0.17,-0.366,-0.038,-0.052,-0.016
6.92,-0.013,-0.014,-0.001,0.013,-0.006,-0.007,0.039,0.127,-0.384,-0.079,-0.071,-0.044
6.93,-0.051,-0.039,0.012,0.045,-0.031,-0.013,0.022,0.098,-0.408,-0.099,-0.078,-0.041
6.94,-0.078,-0.037,0.04,0.057,-0.059,0.001,0.026,0.085,-0.42,-0.122,-0.112,-0.065
6.95,-0.014,-0.021,-0.007,0.017,-0.003,-0.013,0.026,0.084,-0.431,-0.128,-0.119,-0.078
6.96,-0.031,-0.056,-0.024,0.044,-0.003,-0.04,0.031,0.091,-0.425,-0.116,-0.099,-0.064
6.97,-0.042,-0.077,-0.035,0.06,-0.003,-0.056,0.03,0.1,-0.424,-0.114,-0.097,-0.06
6.98,-0.071,-0.066,0.005,0.068,-0.038,-0.03,0.036,0.099,-0.415,-0.106,-0.091,-0.059
6.99,-0.106,-0.063,0.044,0.084,-0.075,-0.009,0.049,0.089,-0.42,-0.111,-0.104,-0.065
7.0,-0.095,-0.057,0.038,0.076,-0.067,-0.009,0.058,0.097,-0.418,-0.092,-0.096,-0.068
7.01,-0.065,-0.05,0.016,0.057,-0.04,-0.017,0.053,0.075,-0.443,-0.113,-0.111,-0.075
7.02,-0.008,-0.048,-0.041,0.028,0.017,-0.044,0.052,0.104,-0.448,-0.121,-0.119,-0.063
7.03,-0.083,-0.043,0.04,0.063,-0.061,-0.002,0.05,0.103,-0.446,-0.166,-0.127,-0.08
7.04,-0.141,-0.048,0.093,0.094,-0.117,0.022,0.049,0.106,-0.404,-0.124,-0.065,-0.056
7.05,-0.111,-0.054,0.057,0.083,-0.084,0.002,0.059,0.08,-0.435,-0.164,-0.13,-0.1
7.06,-0.113,0.006,0.119,0.053,-0.116,0.062,0.059,0.078,-0.431,-0.162,-0.168,-0.13
7.07,-0.079,0.126,0.204,-0.024,-0.142,0.165,0.077,0.183,-0.245,0.2,0.166,0.109
7.08,0.241,0.427,0.186,-0.334,0.027,0.306,-0.193,-0.011,-0.062,1.137,1.066,0.797
7.09,0.673,0.565,-0.108,-0.619,0.39,0.228,-0.609,-0.292,0.036,2.025,1.784,1.358
7.1,0.58,0.214,-0.367,-0.397,0.473,-0.076,-0.744,-0.855,-0.891,0.484,0.44,0.533
7.11,0.344,-0.107,-0.451,-0.118,0.398,-0.279,-0.642,-1.02,-1.476,-1.01,-0.785,-0.301
7.12,0.324,-0.201,-0.525,-0.062,0.425,-0.363,-0.339,-0.376,-0.811,-0.587,-0.493,-0.235
7.13,0.222,-0.173,-0.395,-0.024,0.308,-0.284,-0.123,-0.068,-0.507,-0.389,-0.354,-0.198
7.14,0.079,-0.089,-0.168,0.006,0.123,-0.128,-0.026,0.082,-0.366,-0.204,-0.192,-0.102
7.15,-0.003,-0.053,-0.05,0.028,0.023,-0.051,0.043,0.156,-0.298,-0.125,-0.132,-0.068
7.16,-0.015,-0.012,0.004,0.014,-0.009,-0.004,0.041,0.144,-0.296,-0.12,-0.111,-0.076
7.17,0.001,0.034,0.033,-0.018,-0.016,0.033,0.067,0.19,-0.228,-0.073,-0.054,-0.06
7.18,0.007,0.015,0.008,-0.011,-0.001,0.012,0.07,0.187,-0.234,-0.104,-0.09,-0.07
7.19,-0.058,-0.021,0.037,0.039,-0.047,0.008,0.073,0.208,-0.208,-0.071,-0.077,-0.054
7.2,-0.09,-0.008,0.082,0.048,-0.086,0.037,0.076,0.194,-0.209,-0.09,-0.091,-0.06
7.21,-0.074,-0.011,0.063,0.042,-0.068,0.026,0.069,0.206,-0.193,-0.072,-0.081,-0.054
7.22,-0.061,0.002,0.063,0.03,-0.062,0.032,0.071,0.213,-0.186,-0.074,-0.087,-0.064
7.23,-0.042,0.011,0.053,0.015,-0.048,0.032,0.066,0.207,-0.178,-0.066,-0.085,-0.073
7.24,-0.037,0.01,0.048,0.013,-0.043,0.029,0.064,0.228,-0.167,-0.06,-0.077,-0.066
7.25,-0.015,0.028,0.043,-0.007,-0.029,0.035,0.073,0.24,-0.125,-0.056,-0.07,-0.055
7.26,-0.005,0.031,0.035,-0.013,-0.02,0.033,0.105,0.265,-0.087,-0.049,-0.059,-0.045
7.27,-0.006,0.024,0.03,-0.009,-0.018,0.027,0.111,0.298,-0.073,-0.035,-0.052,-0.039
7.28,-0.03,0.018,0.048,0.006,-0.039,0.033,0.12,0.314,-0.034,-0.012,-0.043,-0.036
7.29,-0.036,0.066,0.102,-0.016,-0.069,0.084,0.14,0.348,0.013,-0.011,-0.035,-0.033
7.3,-0.044,0.069,0.113,-0.013,-0.079,0.091,0.142,0.378,0.043,0.01,-0.027,-0.028
7.31,-0.032,0.067,0.099,-0.018,-0.066,0.083,0.145,0.399,0.064,0.034,-0.017,-0.026
7.32,-0.035,0.059,0.095,-0.012,-0.065,0.077,0.147,0.442,0.114,0.051,-0.008,-0.02
7.33,-0.038,0.043,0.081,-0.003,-0.059,0.062,0.161,0.456,0.132,0.068,-0.003,-0.011
7.34,0.022,0.1,0.078,-0.061,-0.028,0.088,0.164,0.464,0.151,0.066,0.0,0.001
7.35,0.025,0.099,0.074,-0.063,-0.024,0.086,0.155,0.463,0.167,0.055,0.004,0.007
7.36,0.014,0.088,0.073,-0.051,-0.03,0.08,0.149,0.445,0.149,0.048,0.007,0.005
7.37,0.05,0.081,0.031,-0.066,0.009,0.056,0.144,0.429,0.132,0.037,0.011,0.005
7.38,0.089,0.07,-0.02,-0.079,0.054,0.025,0.124,0.368,0.076,0.031,0.016,0.004
7.39,0.023,0.065,0.042,-0.044,-0.01,0.054,0.093,0.299,0.044,0.046,0.027,0.017
7.4,0.008,0.066,0.058,-0.037,-0.026,0.062,0.089,0.245,0.011,0.034,0.023,0.025
7.41,0.045,0.056,0.011,-0.051,0.016,0.034,0.072,0.207,-0.056,0.012,-0.013,0.009
7.42,-0.014,0.005,0.02,0.004,-0.017,0.012,0.057,0.164,-0.114,-0.003,-0.049,-0.025
7.43,-0.024,0.006,0.03,0.009,-0.027,0.018,0.053,0.124,-0.137,-0.017,-0.062,-0.046
7.44,-0.003,0.013,0.016,-0.005,-0.01,0.014,0.046,0.132,-0.132,-0.029,-0.064,-0.045
7.45,-0.007,-0.004,0.004,0.005,-0.006,0.0,0.045,0.131,-0.152,-0.059,-0.069,-0.044
7.46,-0.036,-0.006,0.029,0.021,-0.032,0.011,0.037,0.121,-0.154,-0.058,-0.07,-0.049
7.47,-0.052,-0.002,0.05,0.027,-0.052,0.024,0.036,0.117,-0.161,-0.061,-0.07,-0.055
7.48,-0.021,0.018,0.039,0.001,-0.03,0.028,0.028,0.108,-0.173,-0.073,-0.075,-0.055
7.49,-0.025,0.02,0.045,0.002,-0.035,0.032,0.028,0.104,-0.169,-0.066,-0.075,-0.053
7.5,-0.07,0.007,0.077,0.031,-0.074,0.042,0.048,0.099,-0.169,-0.066,-0.074,-0.05
7.51,-0.082,-0.006,0.076,0.044,-0.079,0.034,0.046,0.096,-0.164,-0.061,-0.069,-0.05
7.52,-0.063,0.004,0.067,0.029,-0.065,0.035,0.039,0.093,-0.165,-0.06,-0.064,-0.048
7.53,-0.032,0.029,0.061,0.001,-0.047,0.045,0.035,0.088,-0.162,-0.064,-0.061,-0.044
7.54,-0.049,0.005,0.054,0.021,-0.051,0.029,0.028,0.085,-0.156,-0.065,-0.052,-0.046
7.55,-0.042,0.007,0.049,0.017,-0.046,0.028,0.024,0.081,-0.152,-0.065,-0.065,-0.044
7.56,-0.015,0.03,0.044,-0.008,-0.03,0.037,0.02,0.079,-0.147,-0.065,-0.091,-0.045
7.57,-0.048,0.01,0.058,0.018,-0.054,0.034,0.02,0.075,-0.143,-0.065,-0.09,-0.045
7.58,-0.04,-0.004,0.036,0.022,-0.038,0.016,0.02,0.074,-0.138,-0.065,-0.089,-0.04
7.59,-0.086,-0.021,0.066,0.053,-0.075,0.022,0.028,0.086,-0.135,-0.066,-0.092,-0.041
7.6,-0.126,-0.038,0.088,0.082,-0.107,0.025,0.031,0.091,-0.135,-0.063,-0.087,-0.037
7.61,-0.061,-0.034,0.028,0.047,-0.044,-0.003,0.027,0.09,-0.135,-0.077,-0.097,-0.056
7.62,-0.077,-0.031,0.046,0.054,-0.061,0.007,0.026,0.09,-0.134,-0.084,-0.104,-0.076
7.63,-0.074,-0.03,0.044,0.052,-0.059,0.006,0.023,0.09,-0.137,-0.076,-0.108,-0.068
7.64,-0.015,0.014,0.029,0.0,-0.022,0.021,0.038,0.089,-0.116,-0.069,-0.094,-0.059
7.65,-0.02,0.064,0.084,-0.022,-0.052,0.074,0.061,0.098,-0.072,-0.065,-0.058,-0.057
7.66,-0.008,0.08,0.089,-0.036,-0.049,0.084,0.059,0.113,-0.052,-0.054,-0.049,-0.044
7.67,-0.001,0.053,0.054,-0.027,-0.028,0.054,0.045,0.106,-0.065,-0.059,-0.069,-0.054
7.68,-0.001,0.018,0.019,-0.009,-0.01,0.018,0.033,0.093,-0.086,-0.086,-0.09,-0.08
7.69,-0.032,0.015,0.047,0.009,-0.04,0.03,0.024,0.056,-0.104,-0.101,-0.092,-0.061
7.7,-0.06,-0.001,0.059,0.03,-0.06,0.029,0.018,0.008,-0.126,-0.123,-0.123,-0.088
7.71,-0.021,-0.031,-0.01,0.026,-0.005,-0.02,0.01,-0.012,-0.147,-0.138,-0.151,-0.122
7.72,-0.012,-0.04,-0.027,0.026,0.007,-0.033,0.002,0.002,-0.125,-0.131,-0.14,-0.11
7.73,-0.002,-0.041,-0.039,0.022,0.019,-0.04,-0.004,0.02,-0.109,-0.138,-0.144,-0.113
7.74,-0.034,-0.064,-0.03,0.049,-0.002,-0.046,0.0,0.031,-0.094,-0.132,-0.134,-0.105
7.75,-0.122,-0.074,0.048,0.098,-0.085,-0.013,0.009,0.021,-0.104,-0.136,-0.137,-0.107
7.76,-0.122,-0.066,0.056,0.093,-0.089,-0.005,0.007,0.016,-0.123,-0.139,-0.134,-0.101
7.77,-0.078,-0.074,0.004,0.076,-0.041,-0.034,0.005,0.01,-0.105,-0.154,-0.152,-0.121
7.78,-0.094,-0.068,0.026,0.081,-0.06,-0.021,0.016,-0.005,-0.102,-0.154,-0.164,-0.132
7.79,-0.125,-0.07,0.055,0.097,-0.09,-0.007,0.034,0.005,-0.076,-0.11,-0.139,-0.114
7.8,-0.119,-0.065,0.054,0.091,-0.087,-0.005,0.023,-0.01,-0.102,-0.155,-0.162,-0.125
7.81,-0.105,-0.051,0.054,0.078,-0.079,0.002,0.022,0.031,-0.056,-0.117,-0.115,-0.096
7.82,-0.108,-0.066,0.042,0.087,-0.075,-0.012,0.033,-0.02,-0.12,-0.206,-0.192,-0.144
7.83,-0.106,0.027,0.133,0.039,-0.119,0.079,0.053,0.017,-0.091,-0.134,-0.136,-0.132
7.84,-0.057,0.187,0.244,-0.066,-0.151,0.215,-0.009,0.017,0.037,0.249,0.239,0.137
7.85,0.347,0.498,0.151,-0.423,0.098,0.324,-0.333,-0.2,0.22,1.345,1.256,0.925
7.86,0.693,0.524,-0.169,-0.608,0.431,0.177,-0.683,-0.482,0.189,1.912,1.689,1.294
7.87,0.449,0.091,-0.358,-0.27,0.404,-0.134,-0.765,-1.046,-0.823,-0.018,0.041,0.26
7.88,0.274,-0.143,-0.417,-0.066,0.346,-0.279,-0.577,-0.936,-0.998,-1.029,-0.794,-0.366
7.89,0.29,-0.224,-0.514,-0.033,0.402,-0.369,-0.297,-0.345,-0.339,-0.507,-0.417,-0.221
7.9,0.218,-0.155,-0.373,-0.031,0.295,-0.263,-0.126,-0.128,-0.166,-0.398,-0.345,-0.202
7.91,0.068,-0.06,-0.128,-0.003,0.098,-0.094,-0.037,0.004,-0.019,-0.194,-0.184,-0.126
7.92,-0.031,-0.058,-0.027,0.045,-0.002,-0.043,0.003,0.03,0.004,-0.165,-0.158,-0.099
7.93,-0.019,-0.034,-0.016,0.027,-0.001,-0.025,0.022,0.06,0.036,-0.141,-0.11,-0.07
7.94,-0.036,-0.022,0.013,0.029,-0.024,-0.005,0.056,0.096,0.073,-0.127,-0.095,-0.065
7.95,-0.043,0.011,0.054,0.016,-0.049,0.032,0.061,0.097,0.078,-0.131,-0.105,-0.065
7.96,-0.066,-0.007,0.059,0.036,-0.062,0.026,0.06,0.104,0.097,-0.104,-0.087,-0.053
7.97,-0.06,0.001,0.061,0.03,-0.061,0.03,0.06,0.097,0.107,-0.116,-0.099,-0.057
7.98,-0.041,0.018,0.059,0.011,-0.051,0.039,0.061,0.114,0.132,-0.094,-0.084,-0.042
7.99,-0.061,-0.001,0.06,0.031,-0.061,0.029,0.075,0.139,0.149,-0.099,-0.09,-0.06
8.0,-0.07,-0.01,0.06,0.04,-0.064,0.025,0.075,0.123,0.177,-0.085,-0.077,-0.064
8.01,-0.075,-0.008,0.068,0.042,-0.071,0.03,0.075,0.142,0.195,-0.083,-0.076,-0.057
8.02,-0.057,0.008,0.065,0.024,-0.061,0.036,0.075,0.186,0.202,-0.073,-0.069,-0.054
8.03,-0.036,0.015,0.051,0.01,-0.044,0.033,0.073,0.177,0.202,-0.064,-0.063,-0.048
8.04,-0.035,0.014,0.049,0.011,-0.043,0.031,0.079,0.193,0.25,-0.057,-0.06,-0.045
8.05,0.002,0.03,0.028,-0.016,-0.013,0.029,0.105,0.241,0.28,-0.042,-0.051,-0.04
8.06,-0.018,0.026,0.044,-0.004,-0.032,0.035,0.121,0.259,0.313,-0.028,-0.044,-0.033
8.07,-0.057,0.028,0.085,0.014,-0.071,0.057,0.112,0.266,0.371,-0.018,-0.035,-0.026
8.08,0.001,0.067,0.066,-0.035,-0.033,0.067,0.128,0.319,0.408,-0.007,-0.027,-0.019
8.09,0.002,0.059,0.058,-0.031,-0.028,0.058,0.134,0.348,0.433,0.001,-0.021,-0.013
8.1,0.031,0.071,0.041,-0.051,-0.005,0.056,0.144,0.366,0.466,0.006,-0.017,-0.007
8.11,0.07,0.1,0.03,-0.086,0.02,0.065,0.155,0.379,0.498,0.013,-0.014,-0.001
8.12,0.022,0.086,0.065,-0.054,-0.022,0.075,0.139,0.363,0.486,0.013,-0.011,0.004
8.13,0.017,0.082,0.064,-0.05,-0.024,0.073,0.135,0.351,0.468,0.002,-0.006,0.011
8.14,0.022,0.076,0.054,-0.05,-0.016,0.065,0.118,0.301,0.443,-0.007,-0.006,0.014
8.15,0.025,0.069,0.044,-0.047,-0.01,0.056,0.093,0.242,0.395,-0.017,-0.012,0.011
8.16,0.029,0.066,0.038,-0.048,-0.005,0.052,0.072,0.182,0.349,-0.031,-0.02,0.006
8.17,0.021,0.041,0.019,-0.031,0.001,0.03,0.055,0.114,0.296,-0.029,-0.025,0.004
8.18,-0.003,0.015,0.018,-0.006,-0.011,0.016,0.05,0.07,0.254,-0.033,-0.034,-0.001
8.19,-0.003,0.041,0.044,-0.019,-0.024,0.042,0.045,0.032,0.239,-0.05,-0.037,-0.003
8.2,0.041,0.056,0.014,-0.049,0.013,0.035,0.039,0.006,0.229,-0.071,-0.051,-0.012
8.21,0.033,0.008,-0.025,-0.02,0.028,-0.008,0.034,0.004,0.217,-0.096,-0.07,-0.044
8.22,-0.01,-0.038,-0.028,0.024,0.01,-0.033,0.029,0.007,0.21,-0.095,-0.07,-0.057
8.23,-0.019,-0.021,-0.002,0.02,-0.008,-0.011,0.031,0.011,0.21,-0.09,-0.069,-0.053
8.24,-0.032,0.01,0.042,0.011,-0.037,0.026,0.028,0.005,0.208,-0.09,-0.071,-0.056
8.25,-0.067,-0.005,0.062,0.035,-0.064,0.028,0.032,-0.003,0.205,-0.083,-0.069,-0.054
8.26,-0.08,-0.021,0.059,0.051,-0.069,0.018,0.042,-0.009,0.205,-0.09,-0.071,-0.055
8.27,-0.076,-0.02,0.057,0.048,-0.066,0.018,0.037,-0.017,0.205,-0.104,-0.079,-0.069
8.28,-0.064,-0.012,0.052,0.038,-0.058,0.02,0.035,-0.024,0.204,-0.101,-0.081,-0.069
8.29,-0.059,-0.007,0.052,0.033,-0.055,0.022,0.031,-0.031,0.205,-0.094,-0.079,-0.063
8.3,-0.043,0.004,0.047,0.019,-0.045,0.025,0.03,-0.035,0.221,-0.09,-0.076,-0.061
8.31,-0.055,-0.012,0.043,0.033,-0.05,0.016,0.024,-0.035,0.227,-0.082,-0.074,-0.056
8.32,-0.069,-0.037,0.031,0.053,-0.05,-0.003,0.012,-0.034,0.22,-0.083,-0.075,-0.056
8.33,-0.053,-0.023,0.03,0.038,-0.042,0.004,0.0,-0.042,0.22,-0.1,-0.075,-0.061
8.34,-0.034,-0.019,0.015,0.026,-0.025,-0.002,-0.008,-0.051,0.214,-0.11,-0.075,-0.065
8.35,-0.012,-0.009,0.003,0.011,-0.007,-0.003,0.025,-0.05,0.216,-0.105,-0.075,-0.064
8.36,-0.03,0.017,0.047,0.006,-0.039,0.032,0.047,-0.05,0.219,-0.105,-0.075,-0.068
8.37,0.013,0.02,0.007,-0.017,0.003,0.013,0.044,-0.05,0.22,-0.105,-0.075,-0.07
8.38,0.006,0.014,0.008,-0.01,-0.001,0.011,0.045,-0.045,0.22,-0.105,-0.071,-0.07
8.39,-0.054,0.012,0.067,0.021,-0.061,0.039,0.045,-0.037,0.22,-0.106,-0.069,-0.067
8.4,-0.043,0.007,0.05,0.018,-0.047,0.028,0.045,-0.031,0.248,-0.101,-0.065,-0.059
8.41,-0.045,0.004,0.049,0.021,-0.048,0.026,0.045,-0.024,0.265,-0.102,-0.064,-0.056
8.42,-0.007,0.035,0.042,-0.014,-0.025,0.039,0.045,-0.008,0.281,-0.097,-0.06,-0.048
8.43,0.026,0.064,0.038,-0.045,-0.006,0.051,0.05,0.013,0.296,-0.098,-0.06,-0.045
8.44,0.009,0.051,0.042,-0.03,-0.017,0.047,0.069,0.027,0.281,-0.091,-0.053,-0.038
8.45,0.01,0.031,0.022,-0.021,-0.006,0.026,0.032,-0.02,0.273,-0.107,-0.063,-0.044
8.46,0.011,0.015,0.004,-0.013,0.003,0.01,-0.017,-0.09,0.27,-0.157,-0.11,-0.069
8.47,-0.01,-0.025,-0.016,0.018,0.003,-0.02,-0.021,-0.101,0.267,-0.178,-0.129,-0.079
8.48,0.001,-0.024,-0.025,0.012,0.013,-0.024,-0.007,-0.093,0.263,-0.187,-0.133,-0.1
8.49,0.01,-0.027,-0.037,0.009,0.024,-0.032,0.006,-0.089,0.262,-0.185,-0.134,-0.107
8.5,-0.015,-0.06,-0.045,0.038,0.015,-0.052,0.0,-0.087,0.256,-0.179,-0.13,-0.104
8.51,-0.005,-0.03,-0.025,0.018,0.01,-0.027,0.012,-0.077,0.26,-0.167,-0.123,-0.105
8.52,0.001,-0.012,-0.013,0.006,0.007,-0.012,0.007,-0.09,0.248,-0.17,-0.126,-0.106
8.53,-0.038,-0.021,0.017,0.029,-0.027,-0.002,0.019,-0.104,0.256,-0.15,-0.112,-0.104
8.54,-0.089,-0.051,0.037,0.07,-0.063,-0.007,0.044,-0.106,0.243,-0.179,-0.135,-0.113
8.55,-0.106,-0.059,0.047,0.082,-0.076,-0.006,0.038,-0.1,0.246,-0.182,-0.125,-0.107
8.56,-0.089,-0.03,0.059,0.059,-0.074,0.015,0.042,-0.097,0.255,-0.183,-0.132,-0.111
8.57,-0.064,-0.043,0.021,0.053,-0.042,-0.011,0.037,-0.1,0.251,-0.176,-0.136,-0.111
8.58,-0.044,-0.045,-0.001,0.045,-0.022,-0.022,0.044,-0.084,0.273,-0.154,-0.123,-0.104
8.59,-0.072,-0.016,0.056,0.044,-0.064,0.02,0.032,-0.119,0.203,-0.271,-0.211,-0.138
8.6,-0.101,0.05,0.151,0.025,-0.126,0.1,0.048,-0.096,0.295,-0.099,-0.065,-0.035
8.61,0.067,0.285,0.218,-0.176,-0.076,0.251,-0.071,-0.175,0.393,0.457,0.481,0.398
8.62,0.496,0.546,0.05,-0.521,0.223,0.298,-0.473,-0.388,0.579,1.616,1.502,1.156
8.63,0.625,0.366,-0.26,-0.495,0.442,0.053,-0.765,-0.855,0.114,1.205,1.098,0.961
8.64,0.4,-0.025,-0.425,-0.187,0.413,-0.225,-0.735,-1.219,-0.762,-0.748,-0.517,-0.062
8.65,0.361,-0.153,-0.514,-0.103,0.438,-0.334,-0.46,-0.754,-0.389,-0.876,-0.676,-0.261
8.66,0.28,-0.2,-0.48,-0.04,0.38,-0.34,-0.198,-0.297,0.092,-0.472,-0.399,-0.158
8.67,0.152,-0.128,-0.28,-0.011,0.216,-0.204,-0.08,-0.165,0.214,-0.373,-0.304,-0.135
8.68,0.082,-0.02,-0.102,-0.031,0.092,-0.061,-0.008,-0.057,0.369,-0.18,-0.156,-0.059
8.69,0.031,-0.007,-0.038,-0.012,0.034,-0.022,0.014,-0.038,0.375,-0.185,-0.152,-0.065
8.7,0.043,0.015,-0.027,-0.029,0.035,-0.006,0.024,-0.002,0.407,-0.133,-0.11,-0.043
8.71,-0.047,-0.013,0.034,0.03,-0.04,0.01,0.046,0.017,0.408,-0.166,-0.135,-0.05
8.72,-0.067,0.009,0.075,0.029,-0.071,0.042,0.07,0.042,0.454,-0.15,-0.12,-0.039
8.73,-0.064,0.009,0.073,0.027,-0.069,0.041,0.071,0.036,0.447,-0.159,-0.126,-0.037
8.74,-0.055,0.001,0.057,0.027,-0.056,0.029,0.067,0.02,0.443,-0.163,-0.126,-0.033
8.75,0.038,0.03,-0.008,-0.034,0.023,0.011,0.064,0.061,0.466,-0.156,-0.119,-0.023
8.76,-0.01,0.021,0.031,-0.005,-0.021,0.026,0.072,0.087,0.482,-0.157,-0.122,-0.017
8.77,-0.082,-0.003,0.078,0.042,-0.08,0.037,0.096,0.091,0.512,-0.139,-0.114,-0.007
8.78,-0.063,-0.005,0.057,0.034,-0.06,0.026,0.095,0.091,0.523,-0.134,-0.115,-0.002
8.79,-0.033,0.026,0.059,0.003,-0.046,0.042,0.094,0.112,0.569,-0.115,-0.109,0.006
8.8,-0.033,0.015,0.048,0.008,-0.04,0.032,0.096,0.137,0.595,-0.104,-0.109,0.011
8.81,-0.024,0.018,0.042,0.003,-0.034,0.03,0.092,0.145,0.607,-0.093,-0.104,0.016
8.82,-0.036,0.007,0.044,0.015,-0.04,0.025,0.113,0.176,0.649,-0.088,-0.099,0.021
8.83,-0.043,0.019,0.062,0.012,-0.053,0.041,0.14,0.202,0.689,-0.081,-0.095,0.029
8.84,0.003,0.06,0.057,-0.032,-0.028,0.059,0.138,0.23,0.733,-0.074,-0.09,0.027
8.85,-0.015,0.052,0.067,-0.019,-0.041,0.06,0.157,0.287,0.789,-0.064,-0.085,0.045
8.86,0.005,0.08,0.075,-0.043,-0.035,0.077,0.174,0.328,0.841,-0.037,-0.082,0.069
8.87,0.059,0.09,0.031,-0.075,0.014,0.061,0.163,0.324,0.85,-0.025,-0.076,0.059
8.88,0.058,0.076,0.018,-0.067,0.02,0.047,0.154,0.326,0.843,-0.02,-0.072,0.064
8.89,0.049,0.07,0.021,-0.059,0.014,0.045,0.146,0.317,0.838,-0.025,-0.067,0.084
8.9,0.05,0.065,0.015,-0.058,0.017,0.04,0.133,0.27,0.813,-0.041,-0.062,0.085
8.91,0.036,0.05,0.014,-0.043,0.011,0.031,0.106,0.226,0.78,-0.045,-0.06,0.086
8.92,0.042,0.069,0.028,-0.056,0.007,0.048,0.082,0.161,0.738,-0.053,-0.058,0.094
8.93,0.065,0.064,-0.001,-0.065,0.033,0.031,0.067,0.097,0.686,-0.064,-0.07,0.096
8.94,0.057,0.014,-0.043,-0.035,0.049,-0.014,0.052,0.054,0.635,-0.075,-0.081,0.094
8.95,0.058,0.028,-0.029,-0.043,0.043,0.0,0.044,0.008,0.595,-0.089,-0.086,0.091
8.96,-0.001,0.006,0.007,-0.002,-0.004,0.006,0.038,-0.017,0.583,-0.103,-0.093,0.09
8.97,-0.013,0.019,0.031,-0.003,-0.022,0.025,0.029,-0.039,0.585,-0.107,-0.107,0.089
8.98,0.041,0.058,0.017,-0.05,0.012,0.037,0.023,-0.057,0.582,-0.121,-0.12,0.082
8.99,-0.029,0.008,0.037,0.01,-0.033,0.023,0.015,-0.05,0.579,-0.132,-0.123,0.077
9.0,-0.09,-0.034,0.056,0.062,-0.073,0.011,0.017,-0.049,0.58,-0.128,-0.136,0.072
9.01,-0.053,-0.018,0.036,0.035,-0.044,0.009,0.039,-0.041,0.587,-0.125,-0.135,0.066
9.02,-0.05,-0.019,0.032,0.034,-0.041,0.007,0.031,-0.043,0.586,-0.13,-0.134,0.061
9.03,-0.011,-0.012,0.0,0.012,-0.006,-0.006,0.02,-0.073,0.575,-0.154,-0.151,0.063
9.04,0.05,0.034,-0.016,-0.042,0.033,0.009,0.035,-0.081,0.572,-0.162,-0.154,0.066
9.05,-0.004,0.024,0.028,-0.01,-0.016,0.026,0.045,-0.073,0.56,-0.156,-0.15,0.064
9.06,-0.016,0.01,0.026,0.003,-0.022,0.018,0.04,-0.069,0.558,-0.155,-0.146,0.066
9.07,-0.011,0.003,0.014,0.004,-0.013,0.008,0.036,-0.067,0.569,-0.151,-0.144,0.064
9.08,-0.038,-0.027,0.011,0.032,-0.024,-0.008,0.031,-0.057,0.575,-0.15,-0.137,0.065
9.09,0.0,-0.009,-0.009,0.005,0.004,-0.009,0.027,-0.072,0.585,-0.146,-0.142,0.083
9.1,-0.03,0.002,0.032,0.014,-0.031,0.017,0.024,-0.091,0.576,-0.145,-0.165,0.083
9.11,-0.049,-0.035,0.015,0.042,-0.032,-0.01,0.027,-0.065,0.601,-0.145,-0.165,0.079
9.12,-0.042,-0.028,0.014,0.035,-0.028,-0.007,0.043,-0.051,0.623,-0.145,-0.164,0.076
9.13,-0.086,-0.029,0.057,0.057,-0.071,0.014,0.046,-0.07,0.617,-0.145,-0.166,0.071
9.14,-0.028,-0.035,-0.006,0.031,-0.01,-0.02,0.044,-0.093,0.621,-0.143,-0.163,0.069
9.15,-0.016,-0.039,-0.024,0.028,0.005,-0.032,0.045,-0.089,0.618,-0.152,-0.169,0.064
9.16,-0.047,-0.047,0.0,0.047,-0.023,-0.023,0.046,-0.076,0.641,-0.152,-0.173,0.081
9.17,-0.034,-0.016,0.018,0.024,-0.026,0.002,0.042,-0.068,0.651,-0.143,-0.162,0.093
9.18,-0.041,0.002,0.043,0.019,-0.042,0.022,0.052,-0.06,0.658,-0.138,-0.152,0.091
9.19,-0.028,0.01,0.038,0.009,-0.034,0.024,0.058,-0.059,0.692,-0.131,-0.143,0.098
9.2,-0.005,0.031,0.036,-0.014,-0.021,0.034,0.049,-0.061,0.708,-0.126,-0.122,0.101
9.21,0.008,0.042,0.034,-0.025,-0.013,0.037,0.043,-0.056,0.7,-0.131,-0.143,0.093
9.22,-0.017,0.012,0.029,0.003,-0.023,0.02,0.034,-0.071,0.691,-0.141,-0.173,0.08
9.23,0.01,0.003,-0.007,-0.007,0.008,-0.002,0.028,-0.107,0.695,-0.158,-0.178,0.071
9.24,-0.003,-0.044,-0.04,0.024,0.019,-0.042,0.021,-0.132,0.694,-0.195,-0.212,0.063
9.25,-0.023,-0.042,-0.019,0.033,-0.002,-0.03,0.02,-0.144,0.694,-0.206,-0.226,0.066
9.26,-0.032,-0.027,0.005,0.03,-0.019,-0.011,0.014,-0.139,0.695,-0.204,-0.224,0.064
9.27,-0.079,-0.085,-0.006,0.082,-0.036,-0.045,0.021,-0.134,0.693,-0.207,-0.227,0.067
9.28,-0.002,-0.053,-0.051,0.028,0.025,-0.052,0.042,-0.126,0.694,-0.2,-0.222,0.082
9.29,-0.003,-0.048,-0.045,0.026,0.021,-0.046,0.037,-0.124,0.681,-0.212,-0.23,0.077
9.3,-0.068,-0.046,0.023,0.057,-0.045,-0.011,0.05,-0.116,0.687,-0.192,-0.215,0.084
9.31,-0.079,-0.058,0.021,0.068,-0.05,-0.018,0.056,-0.128,0.671,-0.211,-0.227,0.07
9.32,-0.059,-0.076,-0.017,0.068,-0.021,-0.046,0.054,-0.136,0.677,-0.188,-0.218,0.08
9.33,-0.097,-0.068,0.029,0.082,-0.063,-0.019,0.056,-0.172,0.669,-0.206,-0.253,0.069
9.34,-0.099,-0.059,0.04,0.079,-0.07,-0.009,0.053,-0.158,0.703,-0.189,-0.225,0.064
9.35,-0.063,-0.056,0.006,0.059,-0.034,-0.025,0.058,-0.139,0.703,-0.194,-0.229,0.064
9.36,-0.122,-0.048,0.073,0.085,-0.097,0.012,0.059,-0.17,0.653,-0.274,-0.305,0.021
9.37,-0.077,0.07,0.146,0.003,-0.112,0.108,0.09,-0.077,0.797,-0.043,-0.096,0.148
9.38,0.166,0.319,0.153,-0.243,0.006,0.236,-0.107,-0.227,0.896,0.622,0.546,0.644
9.39,0.617,0.569,-0.049,-0.593,0.333,0.26,-0.512,-0.485,1.092,1.693,1.464,1.342
9.4,0.623,0.282,-0.341,-0.452,0.482,-0.03,-0.753,-1.004,0.413,0.786,0.649,0.889
9.41,0.36,-0.113,-0.473,-0.123,0.417,-0.292,-0.7,-1.312,-0.399,-0.98,-0.811,-0.079
9.42,0.379,-0.174,-0.553,-0.102,0.467,-0.364,-0.408,-0.735,0.169,-0.795,-0.707,-0.125
9.43,0.273,-0.22,-0.492,-0.026,0.383,-0.356,-0.168,-0.343,0.562,-0.502,-0.514,-0.061
9.44,0.135,-0.126,-0.261,-0.004,0.198,-0.193,-0.043,-0.2,0.696,-0.373,-0.393,0.003
9.45,0.057,-0.057,-0.114,0.0,0.086,-0.085,0.026,-0.096,0.839,-0.217,-0.28,0.093
9.46,0.019,-0.048,-0.067,0.015,0.043,-0.057,0.037,-0.092,0.809,-0.239,-0.284,0.093
9.47,-0.025,-0.041,-0.016,0.033,-0.004,-0.029,0.074,-0.052,0.884,-0.173,-0.233,0.13
9.48,-0.053,-0.048,0.006,0.05,-0.029,-0.021,0.097,-0.063,0.896,-0.181,-0.261,0.124
9.49,-0.053,-0.045,0.007,0.049,-0.03,-0.019,0.094,-0.041,0.912,-0.169,-0.237,0.127
9.5,-0.076,-0.059,0.017,0.067,-0.046,-0.021,0.098,-0.043,0.929,-0.192,-0.247,0.117
9.51,-0.07,-0.047,0.022,0.058,-0.046,-0.012,0.1,-0.027,0.955,-0.174,-0.239,0.116
9.52,-0.087,-0.059,0.028,0.073,-0.058,-0.015,0.1,-0.001,0.946,-0.166,-0.236,0.109
9.53,-0.044,-0.004,0.04,0.023,-0.042,0.018,0.103,0.018,0.954,-0.166,-0.238,0.115
9.54,-0.035,0.008,0.043,0.013,-0.039,0.025,0.106,0.018,0.985,-0.141,-0.229,0.131
9.55,-0.056,-0.024,0.032,0.04,-0.043,0.004,0.103,0.007,0.994,-0.15,-0.242,0.144
9.56,-0.026,-0.001,0.026,0.013,-0.026,0.012,0.11,0.051,1.025,-0.169,-0.258,0.156
9.57,0.003,0.02,0.017,-0.012,-0.007,0.018,0.127,0.076,1.054,-0.156,-0.245,0.155
9.58,0.013,0.024,0.011,-0.019,0.001,0.018,0.122,0.105,1.094,-0.141,-0.232,0.159
9.59,-0.013,-0.009,0.004,0.011,-0.009,-0.002,0.137,0.147,1.134,-0.124,-0.229,0.16
9.6,0.005,0.005,0.001,-0.005,0.002,0.003,0.161,0.171,1.155,-0.106,-0.222,0.162
9.61,-0.024,0.009,0.032,0.007,-0.028,0.02,0.163,0.2,1.198,-0.099,-0.219,0.167
9.62,0.002,0.049,0.047,-0.026,-0.023,0.048,0.167,0.235,1.259,-0.086,-0.212,0.188
9.63,0.059,0.098,0.039,-0.079,0.01,0.068,0.179,0.269,1.296,-0.086,-0.21,0.199
9.64,0.044,0.077,0.033,-0.061,0.005,0.055,0.183,0.292,1.329,-0.084,-0.204,0.214
9.65,0.051,0.076,0.026,-0.064,0.012,0.051,0.172,0.288,1.337,-0.082,-0.207,0.233
9.66,0.047,0.065,0.019,-0.056,0.014,0.042,0.162,0.256,1.317,-0.079,-0.219,0.228
9.67,0.085,0.058,-0.026,-0.071,0.055,0.016,0.152,0.221,1.295,-0.079,-0.22,0.231
9.68,0.104,0.052,-0.052,-0.078,0.078,0.0,0.139,0.174,1.254,-0.081,-0.219,0.23
9.69,0.082,0.038,-0.044,-0.06,0.063,-0.003,0.113,0.112,1.214,-0.075,-0.22,0.23
9.7,0.069,0.032,-0.037,-0.05,0.052,-0.002,0.083,0.051,1.176,-0.095,-0.219,0.226
9.71,0.05,0.018,-0.032,-0.034,0.041,-0.007,0.077,-0.013,1.142,-0.103,-0.225,0.219
9.72,0.034,0.012,-0.022,-0.023,0.028,-0.005,0.073,-0.044,1.104,-0.119,-0.255,0.215
9.73,0.015,-0.004,-0.02,-0.005,0.017,-0.012,0.067,-0.067,1.074,-0.133,-0.264,0.208
9.74,-0.023,-0.06,-0.038,0.042,0.008,-0.049,0.067,-0.101,1.075,-0.134,-0.264,0.204
9.75,-0.028,-0.063,-0.034,0.046,0.003,-0.048,0.054,-0.108,1.073,-0.167,-0.302,0.177
9.76,-0.001,-0.046,-0.045,0.024,0.022,-0.045,0.057,-0.124,1.07,-0.169,-0.321,0.163
9.77,0.012,-0.026,-0.038,0.007,0.025,-0.031,0.055,-0.133,1.07,-0.19,-0.319,0.166
9.78,0.018,0.009,-0.009,-0.013,0.014,0.0,0.055,-0.128,1.066,-0.205,-0.32,0.163
9.79,-0.034,-0.028,0.006,0.031,-0.02,-0.01,0.091,-0.132,1.087,-0.196,-0.32,0.175
9.8,-0.024,-0.027,-0.003,0.025,-0.01,-0.015,0.091,-0.129,1.103,-0.202,-0.319,0.182
9.81,-0.014,-0.036,-0.022,0.025,0.004,-0.029,0.081,-0.131,1.098,-0.198,-0.321,0.179
9.82,-0.046,-0.065,-0.02,0.056,-0.013,-0.042,0.077,-0.13,1.1,-0.201,-0.325,0.177
9.83,-0.025,-0.05,-0.026,0.038,0.001,-0.038,0.066,-0.13,1.099,-0.196,-0.325,0.174
9.84,-0.068,-0.045,0.023,0.056,-0.045,-0.011,0.062,-0.131,1.099,-0.195,-0.325,0.175
9.85,-0.051,-0.021,0.029,0.036,-0.04,0.004,0.064,-0.128,1.105,-0.195,-0.324,0.168
9.86,-0.025,-0.04,-0.014,0.033,-0.005,-0.027,0.065,-0.142,1.102,-0.19,-0.326,0.156
9.87,-0.035,-0.028,0.006,0.032,-0.021,-0.011,0.065,-0.151,1.109,-0.19,-0.32,0.153
9.88,-0.025,-0.04,-0.014,0.033,-0.005,-0.027,0.064,-0.15,1.11,-0.19,-0.321,0.134
9.89,-0.054,-0.07,-0.017,0.063,-0.018,-0.043,0.07,-0.147,1.118,-0.19,-0.317,0.155
9.9,-0.046,-0.04,0.006,0.043,-0.026,-0.017,0.081,-0.145,1.141,-0.188,-0.327,0.173
9.91,-0.063,-0.071,-0.008,0.067,-0.028,-0.04,0.079,-0.144,1.136,-0.199,-0.342,0.137
9.92,-0.044,-0.048,-0.003,0.047,-0.021,-0.025,0.078,-0.15,1.152,-0.204,-0.332,0.134
9.93,-0.004,-0.009,-0.004,0.006,0.0,-0.006,0.072,-0.16,1.168,-0.195,-0.354,0.136
9.94,-0.047,-0.044,0.003,0.046,-0.024,-0.02,0.082,-0.125,1.181,-0.189,-0.358,0.134
9.95,-0.03,-0.042,-0.012,0.036,-0.009,-0.027,0.093,-0.104,1.203,-0.183,-0.347,0.136
9.96,-0.036,-0.041,-0.004,0.039,-0.016,-0.022,0.102,-0.105,1.224,-0.175,-0.343,0.133
9.97,-0.021,-0.027,-0.006,0.024,-0.007,-0.016,0.104,-0.105,1.24,-0.176,-0.335,0.131
9.98,-0.019,-0.005,0.014,0.012,-0.016,0.004,0.08,-0.104,1.208,-0.173,-0.33,0.125
9.99,-0.018,-0.035,-0.017,0.027,0.0,-0.026,0.056,-0.107,1.138,-0.18,-0.33,0.125
